example_id,split,category_slug,weight_kg,length_cm,width_cm,height_cm,volume_cm3,origin_country_code,transport_mode,stock,moq,supplier_rating,target_offer_price_usd,feature_source,label_source,is_synthetic
offer-MOB-001-STD-1,test,mobile-accessories,0.180,12.00,8.00,3.00,288.000,CN,LOCAL,120,1,4.61,4.80,seed_derived,pseudo_formula,1
offer-MOB-001-STD-2,test,mobile-accessories,0.180,12.00,8.00,3.00,288.000,CN,BULK,400,10,4.61,4.32,seed_derived,pseudo_formula,1
offer-MOB-001-STD-3,test,mobile-accessories,0.180,12.00,8.00,3.00,288.000,VN,LOCAL,90,1,4.60,5.09,seed_derived,pseudo_formula,1
offer-MOB-001-STD-4,test,mobile-accessories,0.180,12.00,8.00,3.00,288.000,MY,BULK,280,8,4.63,4.51,seed_derived,pseudo_formula,1
offer-MOB-002-STD-1,test,mobile-accessories,0.060,8.00,5.00,2.00,80.000,CN,LOCAL,120,1,4.61,3.20,seed_derived,pseudo_formula,1
offer-MOB-002-STD-2,test,mobile-accessories,0.060,8.00,5.00,2.00,80.000,CN,BULK,400,10,4.61,2.88,seed_derived,pseudo_formula,1
offer-MOB-002-STD-3,test,mobile-accessories,0.060,8.00,5.00,2.00,80.000,VN,LOCAL,90,1,4.60,3.39,seed_derived,pseudo_formula,1
offer-MOB-002-STD-4,test,mobile-accessories,0.060,8.00,5.00,2.00,80.000,MY,BULK,280,8,4.63,3.01,seed_derived,pseudo_formula,1
offer-MOB-003-STD-1,train,mobile-accessories,0.090,17.00,9.00,2.00,306.000,CN,LOCAL,120,1,4.61,3.90,seed_derived,pseudo_formula,1
offer-MOB-003-STD-2,train,mobile-accessories,0.090,17.00,9.00,2.00,306.000,CN,BULK,400,10,4.61,3.51,seed_derived,pseudo_formula,1
offer-MOB-003-STD-3,train,mobile-accessories,0.090,17.00,9.00,2.00,306.000,VN,LOCAL,90,1,4.60,4.13,seed_derived,pseudo_formula,1
offer-MOB-003-STD-4,train,mobile-accessories,0.090,17.00,9.00,2.00,306.000,MY,BULK,280,8,4.63,3.67,seed_derived,pseudo_formula,1
offer-MOB-004-STD-1,train,mobile-accessories,0.050,19.00,10.00,1.00,190.000,CN,LOCAL,120,1,4.61,1.80,seed_derived,pseudo_formula,1
offer-MOB-004-STD-2,train,mobile-accessories,0.050,19.00,10.00,1.00,190.000,CN,BULK,400,10,4.61,1.62,seed_derived,pseudo_formula,1
offer-MOB-004-STD-3,train,mobile-accessories,0.050,19.00,10.00,1.00,190.000,VN,LOCAL,90,1,4.60,1.91,seed_derived,pseudo_formula,1
offer-MOB-004-STD-4,train,mobile-accessories,0.050,19.00,10.00,1.00,190.000,MY,BULK,280,8,4.63,1.69,seed_derived,pseudo_formula,1
offer-MOB-005-STD-1,validation,mobile-accessories,0.100,9.00,7.00,4.00,252.000,CN,LOCAL,120,1,4.61,8.50,seed_derived,pseudo_formula,1
offer-MOB-005-STD-2,validation,mobile-accessories,0.100,9.00,7.00,4.00,252.000,CN,BULK,400,10,4.61,7.65,seed_derived,pseudo_formula,1
offer-MOB-005-STD-3,validation,mobile-accessories,0.100,9.00,7.00,4.00,252.000,VN,LOCAL,90,1,4.60,9.01,seed_derived,pseudo_formula,1
offer-MOB-005-STD-4,validation,mobile-accessories,0.100,9.00,7.00,4.00,252.000,MY,BULK,280,8,4.63,7.99,seed_derived,pseudo_formula,1
offer-MOB-006-STD-1,train,mobile-accessories,0.080,15.00,10.00,2.00,300.000,CN,LOCAL,120,1,4.61,2.60,seed_derived,pseudo_formula,1
offer-MOB-006-STD-2,train,mobile-accessories,0.080,15.00,10.00,2.00,300.000,CN,BULK,400,10,4.61,2.34,seed_derived,pseudo_formula,1
offer-MOB-006-STD-3,train,mobile-accessories,0.080,15.00,10.00,2.00,300.000,VN,LOCAL,90,1,4.60,2.76,seed_derived,pseudo_formula,1
offer-MOB-006-STD-4,train,mobile-accessories,0.080,15.00,10.00,2.00,300.000,MY,BULK,280,8,4.63,2.44,seed_derived,pseudo_formula,1
offer-MOB-007-STD-1,train,mobile-accessories,0.080,15.00,10.00,2.00,300.000,CN,LOCAL,120,1,4.61,2.80,seed_derived,pseudo_formula,1
offer-MOB-007-STD-2,train,mobile-accessories,0.080,15.00,10.00,2.00,300.000,CN,BULK,400,10,4.61,2.52,seed_derived,pseudo_formula,1
offer-MOB-007-STD-3,train,mobile-accessories,0.080,15.00,10.00,2.00,300.000,VN,LOCAL,90,1,4.60,2.97,seed_derived,pseudo_formula,1
offer-MOB-007-STD-4,train,mobile-accessories,0.080,15.00,10.00,2.00,300.000,MY,BULK,280,8,4.63,2.63,seed_derived,pseudo_formula,1
offer-MOB-008-STD-1,train,mobile-accessories,0.120,16.00,11.00,3.00,528.000,CN,LOCAL,120,1,4.61,4.20,seed_derived,pseudo_formula,1
offer-MOB-008-STD-2,train,mobile-accessories,0.120,16.00,11.00,3.00,528.000,CN,BULK,400,10,4.61,3.78,seed_derived,pseudo_formula,1
offer-MOB-008-STD-3,train,mobile-accessories,0.120,16.00,11.00,3.00,528.000,VN,LOCAL,90,1,4.60,4.45,seed_derived,pseudo_formula,1
offer-MOB-008-STD-4,train,mobile-accessories,0.120,16.00,11.00,3.00,528.000,MY,BULK,280,8,4.63,3.95,seed_derived,pseudo_formula,1
offer-MOB-009-STD-1,test,mobile-accessories,0.070,22.00,12.00,2.00,528.000,CN,LOCAL,120,1,4.61,3.50,seed_derived,pseudo_formula,1
offer-MOB-009-STD-2,test,mobile-accessories,0.070,22.00,12.00,2.00,528.000,CN,BULK,400,10,4.61,3.15,seed_derived,pseudo_formula,1
offer-MOB-009-STD-3,test,mobile-accessories,0.070,22.00,12.00,2.00,528.000,VN,LOCAL,90,1,4.60,3.71,seed_derived,pseudo_formula,1
offer-MOB-009-STD-4,test,mobile-accessories,0.070,22.00,12.00,2.00,528.000,MY,BULK,280,8,4.63,3.29,seed_derived,pseudo_formula,1
offer-MOB-010-STD-1,train,mobile-accessories,0.220,12.00,9.00,7.00,756.000,CN,LOCAL,120,1,4.61,6.80,seed_derived,pseudo_formula,1
offer-MOB-010-STD-2,train,mobile-accessories,0.220,12.00,9.00,7.00,756.000,CN,BULK,400,10,4.61,6.12,seed_derived,pseudo_formula,1
offer-MOB-010-STD-3,train,mobile-accessories,0.220,12.00,9.00,7.00,756.000,VN,LOCAL,90,1,4.60,7.21,seed_derived,pseudo_formula,1
offer-MOB-010-STD-4,train,mobile-accessories,0.220,12.00,9.00,7.00,756.000,MY,BULK,280,8,4.63,6.39,seed_derived,pseudo_formula,1
offer-MOB-011-STD-1,train,mobile-accessories,0.280,14.00,10.00,6.00,840.000,CN,LOCAL,120,1,4.61,8.40,seed_derived,pseudo_formula,1
offer-MOB-011-STD-2,train,mobile-accessories,0.280,14.00,10.00,6.00,840.000,CN,BULK,400,10,4.61,7.56,seed_derived,pseudo_formula,1
offer-MOB-011-STD-3,train,mobile-accessories,0.280,14.00,10.00,6.00,840.000,VN,LOCAL,90,1,4.60,8.90,seed_derived,pseudo_formula,1
offer-MOB-011-STD-4,train,mobile-accessories,0.280,14.00,10.00,6.00,840.000,MY,BULK,280,8,4.63,7.90,seed_derived,pseudo_formula,1
offer-MOB-012-STD-1,train,mobile-accessories,0.100,16.00,10.00,4.00,640.000,CN,LOCAL,120,1,4.61,3.10,seed_derived,pseudo_formula,1
offer-MOB-012-STD-2,train,mobile-accessories,0.100,16.00,10.00,4.00,640.000,CN,BULK,400,10,4.61,2.79,seed_derived,pseudo_formula,1
offer-MOB-012-STD-3,train,mobile-accessories,0.100,16.00,10.00,4.00,640.000,VN,LOCAL,90,1,4.60,3.29,seed_derived,pseudo_formula,1
offer-MOB-012-STD-4,train,mobile-accessories,0.100,16.00,10.00,4.00,640.000,MY,BULK,280,8,4.63,2.91,seed_derived,pseudo_formula,1
offer-LPC-001-STD-1,train,laptop-pc-accessories,0.650,28.00,24.00,5.00,3360.000,MY,LOCAL,120,1,4.63,18.00,seed_derived,pseudo_formula,1
offer-LPC-001-STD-2,train,laptop-pc-accessories,0.650,28.00,24.00,5.00,3360.000,MY,BULK,400,10,4.63,16.20,seed_derived,pseudo_formula,1
offer-LPC-001-STD-3,train,laptop-pc-accessories,0.650,28.00,24.00,5.00,3360.000,CN,LOCAL,90,1,4.61,19.08,seed_derived,pseudo_formula,1
offer-LPC-001-STD-4,train,laptop-pc-accessories,0.650,28.00,24.00,5.00,3360.000,SG,BULK,280,8,4.69,16.92,seed_derived,pseudo_formula,1
offer-LPC-002-STD-1,train,laptop-pc-accessories,0.350,38.00,28.00,3.00,3192.000,MY,LOCAL,120,1,4.63,12.00,seed_derived,pseudo_formula,1
offer-LPC-002-STD-2,train,laptop-pc-accessories,0.350,38.00,28.00,3.00,3192.000,MY,BULK,400,10,4.63,10.80,seed_derived,pseudo_formula,1
offer-LPC-002-STD-3,train,laptop-pc-accessories,0.350,38.00,28.00,3.00,3192.000,CN,LOCAL,90,1,4.61,12.72,seed_derived,pseudo_formula,1
offer-LPC-002-STD-4,train,laptop-pc-accessories,0.350,38.00,28.00,3.00,3192.000,SG,BULK,280,8,4.69,11.28,seed_derived,pseudo_formula,1
offer-LPC-003-STD-1,train,laptop-pc-accessories,0.160,11.00,8.00,6.00,528.000,MY,LOCAL,120,1,4.63,18.00,seed_derived,pseudo_formula,1
offer-LPC-003-STD-2,train,laptop-pc-accessories,0.160,11.00,8.00,6.00,528.000,MY,BULK,400,10,4.63,16.20,seed_derived,pseudo_formula,1
offer-LPC-003-STD-3,train,laptop-pc-accessories,0.160,11.00,8.00,6.00,528.000,CN,LOCAL,90,1,4.61,19.08,seed_derived,pseudo_formula,1
offer-LPC-003-STD-4,train,laptop-pc-accessories,0.160,11.00,8.00,6.00,528.000,SG,BULK,280,8,4.69,16.92,seed_derived,pseudo_formula,1
offer-LPC-004-STD-1,train,laptop-pc-accessories,0.120,12.00,7.00,4.00,336.000,MY,LOCAL,120,1,4.63,9.00,seed_derived,pseudo_formula,1
offer-LPC-004-STD-2,train,laptop-pc-accessories,0.120,12.00,7.00,4.00,336.000,MY,BULK,400,10,4.63,8.10,seed_derived,pseudo_formula,1
offer-LPC-004-STD-3,train,laptop-pc-accessories,0.120,12.00,7.00,4.00,336.000,CN,LOCAL,90,1,4.61,9.54,seed_derived,pseudo_formula,1
offer-LPC-004-STD-4,train,laptop-pc-accessories,0.120,12.00,7.00,4.00,336.000,SG,BULK,280,8,4.69,8.46,seed_derived,pseudo_formula,1
offer-LPC-005-STD-1,test,laptop-pc-accessories,0.450,30.00,14.00,3.00,1260.000,MY,LOCAL,120,1,4.63,14.00,seed_derived,pseudo_formula,1
offer-LPC-005-STD-2,test,laptop-pc-accessories,0.450,30.00,14.00,3.00,1260.000,MY,BULK,400,10,4.63,12.60,seed_derived,pseudo_formula,1
offer-LPC-005-STD-3,test,laptop-pc-accessories,0.450,30.00,14.00,3.00,1260.000,CN,LOCAL,90,1,4.61,14.84,seed_derived,pseudo_formula,1
offer-LPC-005-STD-4,test,laptop-pc-accessories,0.450,30.00,14.00,3.00,1260.000,SG,BULK,280,8,4.69,13.16,seed_derived,pseudo_formula,1
offer-LPC-006-STD-1,train,laptop-pc-accessories,0.120,13.00,6.00,2.00,156.000,MY,LOCAL,120,1,4.63,22.00,seed_derived,pseudo_formula,1
offer-LPC-006-STD-2,train,laptop-pc-accessories,0.120,13.00,6.00,2.00,156.000,MY,BULK,400,10,4.63,19.80,seed_derived,pseudo_formula,1
offer-LPC-006-STD-3,train,laptop-pc-accessories,0.120,13.00,6.00,2.00,156.000,CN,LOCAL,90,1,4.61,23.32,seed_derived,pseudo_formula,1
offer-LPC-006-STD-4,train,laptop-pc-accessories,0.120,13.00,6.00,2.00,156.000,SG,BULK,280,8,4.69,20.68,seed_derived,pseudo_formula,1
offer-LPC-007-STD-1,train,laptop-pc-accessories,0.250,16.00,10.00,8.00,1280.000,MY,LOCAL,120,1,4.63,19.00,seed_derived,pseudo_formula,1
offer-LPC-007-STD-2,train,laptop-pc-accessories,0.250,16.00,10.00,8.00,1280.000,MY,BULK,400,10,4.63,17.10,seed_derived,pseudo_formula,1
offer-LPC-007-STD-3,train,laptop-pc-accessories,0.250,16.00,10.00,8.00,1280.000,CN,LOCAL,90,1,4.61,20.14,seed_derived,pseudo_formula,1
offer-LPC-007-STD-4,train,laptop-pc-accessories,0.250,16.00,10.00,8.00,1280.000,SG,BULK,280,8,4.69,17.86,seed_derived,pseudo_formula,1
offer-LPC-008-STD-1,test,laptop-pc-accessories,0.550,27.00,6.00,5.00,810.000,MY,LOCAL,120,1,4.63,15.00,seed_derived,pseudo_formula,1
offer-LPC-008-STD-2,test,laptop-pc-accessories,0.550,27.00,6.00,5.00,810.000,MY,BULK,400,10,4.63,13.50,seed_derived,pseudo_formula,1
offer-LPC-008-STD-3,test,laptop-pc-accessories,0.550,27.00,6.00,5.00,810.000,CN,LOCAL,90,1,4.61,15.90,seed_derived,pseudo_formula,1
offer-LPC-008-STD-4,test,laptop-pc-accessories,0.550,27.00,6.00,5.00,810.000,SG,BULK,280,8,4.69,14.10,seed_derived,pseudo_formula,1
offer-LPC-009-STD-1,train,laptop-pc-accessories,0.010,8.00,5.00,1.00,40.000,MY,LOCAL,120,1,4.63,1.50,seed_derived,pseudo_formula,1
offer-LPC-009-STD-2,train,laptop-pc-accessories,0.010,8.00,5.00,1.00,40.000,MY,BULK,400,10,4.63,1.35,seed_derived,pseudo_formula,1
offer-LPC-009-STD-3,train,laptop-pc-accessories,0.010,8.00,5.00,1.00,40.000,CN,LOCAL,90,1,4.61,1.59,seed_derived,pseudo_formula,1
offer-LPC-009-STD-4,train,laptop-pc-accessories,0.010,8.00,5.00,1.00,40.000,SG,BULK,280,8,4.69,1.41,seed_derived,pseudo_formula,1
offer-LPC-010-STD-1,test,laptop-pc-accessories,0.800,45.00,12.00,8.00,4320.000,MY,LOCAL,120,1,4.63,12.00,seed_derived,pseudo_formula,1
offer-LPC-010-STD-2,test,laptop-pc-accessories,0.800,45.00,12.00,8.00,4320.000,MY,BULK,400,10,4.63,10.80,seed_derived,pseudo_formula,1
offer-LPC-010-STD-3,test,laptop-pc-accessories,0.800,45.00,12.00,8.00,4320.000,CN,LOCAL,90,1,4.61,12.72,seed_derived,pseudo_formula,1
offer-LPC-010-STD-4,test,laptop-pc-accessories,0.800,45.00,12.00,8.00,4320.000,SG,BULK,280,8,4.69,11.28,seed_derived,pseudo_formula,1
offer-LPC-011-STD-1,train,laptop-pc-accessories,0.350,42.00,8.00,8.00,2688.000,MY,LOCAL,120,1,4.63,6.00,seed_derived,pseudo_formula,1
offer-LPC-011-STD-2,train,laptop-pc-accessories,0.350,42.00,8.00,8.00,2688.000,MY,BULK,400,10,4.63,5.40,seed_derived,pseudo_formula,1
offer-LPC-011-STD-3,train,laptop-pc-accessories,0.350,42.00,8.00,8.00,2688.000,CN,LOCAL,90,1,4.61,6.36,seed_derived,pseudo_formula,1
offer-LPC-011-STD-4,train,laptop-pc-accessories,0.350,42.00,8.00,8.00,2688.000,SG,BULK,280,8,4.69,5.64,seed_derived,pseudo_formula,1
offer-LPC-012-STD-1,validation,laptop-pc-accessories,0.750,40.00,29.00,6.00,6960.000,MY,LOCAL,120,1,4.63,17.00,seed_derived,pseudo_formula,1
offer-LPC-012-STD-2,validation,laptop-pc-accessories,0.750,40.00,29.00,6.00,6960.000,MY,BULK,400,10,4.63,15.30,seed_derived,pseudo_formula,1
offer-LPC-012-STD-3,validation,laptop-pc-accessories,0.750,40.00,29.00,6.00,6960.000,CN,LOCAL,90,1,4.61,18.02,seed_derived,pseudo_formula,1
offer-LPC-012-STD-4,validation,laptop-pc-accessories,0.750,40.00,29.00,6.00,6960.000,SG,BULK,280,8,4.69,15.98,seed_derived,pseudo_formula,1
offer-EDU-001-STD-1,train,educational-academic-tools,0.180,20.00,9.00,2.00,360.000,IN,LOCAL,120,1,4.57,4.20,seed_derived,pseudo_formula,1
offer-EDU-001-STD-2,train,educational-academic-tools,0.180,20.00,9.00,2.00,360.000,IN,BULK,400,10,4.57,3.78,seed_derived,pseudo_formula,1
offer-EDU-001-STD-3,train,educational-academic-tools,0.180,20.00,9.00,2.00,360.000,CN,LOCAL,90,1,4.61,4.45,seed_derived,pseudo_formula,1
offer-EDU-001-STD-4,train,educational-academic-tools,0.180,20.00,9.00,2.00,360.000,MY,BULK,280,8,4.63,3.95,seed_derived,pseudo_formula,1
offer-EDU-002-STD-1,test,educational-academic-tools,0.420,32.00,24.00,2.00,1536.000,IN,LOCAL,120,1,4.57,5.80,seed_derived,pseudo_formula,1
offer-EDU-002-STD-2,test,educational-academic-tools,0.420,32.00,24.00,2.00,1536.000,IN,BULK,400,10,4.57,5.22,seed_derived,pseudo_formula,1
offer-EDU-002-STD-3,test,educational-academic-tools,0.420,32.00,24.00,2.00,1536.000,CN,LOCAL,90,1,4.61,6.15,seed_derived,pseudo_formula,1
offer-EDU-002-STD-4,test,educational-academic-tools,0.420,32.00,24.00,2.00,1536.000,MY,BULK,280,8,4.63,5.45,seed_derived,pseudo_formula,1
offer-EDU-003-STD-1,train,educational-academic-tools,0.350,22.00,16.00,5.00,1760.000,IN,LOCAL,120,1,4.57,6.50,seed_derived,pseudo_formula,1
offer-EDU-003-STD-2,train,educational-academic-tools,0.350,22.00,16.00,5.00,1760.000,IN,BULK,400,10,4.57,5.85,seed_derived,pseudo_formula,1
offer-EDU-003-STD-3,train,educational-academic-tools,0.350,22.00,16.00,5.00,1760.000,CN,LOCAL,90,1,4.61,6.89,seed_derived,pseudo_formula,1
offer-EDU-003-STD-4,train,educational-academic-tools,0.350,22.00,16.00,5.00,1760.000,MY,BULK,280,8,4.63,6.11,seed_derived,pseudo_formula,1
offer-EDU-004-STD-1,train,educational-academic-tools,0.300,18.00,12.00,5.00,1080.000,IN,LOCAL,120,1,4.57,5.50,seed_derived,pseudo_formula,1
offer-EDU-004-STD-2,train,educational-academic-tools,0.300,18.00,12.00,5.00,1080.000,IN,BULK,400,10,4.57,4.95,seed_derived,pseudo_formula,1
offer-EDU-004-STD-3,train,educational-academic-tools,0.300,18.00,12.00,5.00,1080.000,CN,LOCAL,90,1,4.61,5.83,seed_derived,pseudo_formula,1
offer-EDU-004-STD-4,train,educational-academic-tools,0.300,18.00,12.00,5.00,1080.000,MY,BULK,280,8,4.63,5.17,seed_derived,pseudo_formula,1
offer-EDU-005-STD-1,train,educational-academic-tools,0.520,27.00,22.00,5.00,2970.000,IN,LOCAL,120,1,4.57,9.50,seed_derived,pseudo_formula,1
offer-EDU-005-STD-2,train,educational-academic-tools,0.520,27.00,22.00,5.00,2970.000,IN,BULK,400,10,4.57,8.55,seed_derived,pseudo_formula,1
offer-EDU-005-STD-3,train,educational-academic-tools,0.520,27.00,22.00,5.00,2970.000,CN,LOCAL,90,1,4.61,10.07,seed_derived,pseudo_formula,1
offer-EDU-005-STD-4,train,educational-academic-tools,0.520,27.00,22.00,5.00,2970.000,MY,BULK,280,8,4.63,8.93,seed_derived,pseudo_formula,1
offer-EDU-006-STD-1,validation,educational-academic-tools,0.320,22.00,16.00,2.00,704.000,IN,LOCAL,120,1,4.57,4.80,seed_derived,pseudo_formula,1
offer-EDU-006-STD-2,validation,educational-academic-tools,0.320,22.00,16.00,2.00,704.000,IN,BULK,400,10,4.57,4.32,seed_derived,pseudo_formula,1
offer-EDU-006-STD-3,validation,educational-academic-tools,0.320,22.00,16.00,2.00,704.000,CN,LOCAL,90,1,4.61,5.09,seed_derived,pseudo_formula,1
offer-EDU-006-STD-4,validation,educational-academic-tools,0.320,22.00,16.00,2.00,704.000,MY,BULK,280,8,4.63,4.51,seed_derived,pseudo_formula,1
offer-EDU-007-STD-1,train,educational-academic-tools,0.140,20.00,11.00,4.00,880.000,IN,LOCAL,120,1,4.57,5.00,seed_derived,pseudo_formula,1
offer-EDU-007-STD-2,train,educational-academic-tools,0.140,20.00,11.00,4.00,880.000,IN,BULK,400,10,4.57,4.50,seed_derived,pseudo_formula,1
offer-EDU-007-STD-3,train,educational-academic-tools,0.140,20.00,11.00,4.00,880.000,CN,LOCAL,90,1,4.61,5.30,seed_derived,pseudo_formula,1
offer-EDU-007-STD-4,train,educational-academic-tools,0.140,20.00,11.00,4.00,880.000,MY,BULK,280,8,4.63,4.70,seed_derived,pseudo_formula,1
offer-EDU-008-STD-1,train,educational-academic-tools,0.160,10.00,8.00,4.00,320.000,IN,LOCAL,120,1,4.57,7.20,seed_derived,pseudo_formula,1
offer-EDU-008-STD-2,train,educational-academic-tools,0.160,10.00,8.00,4.00,320.000,IN,BULK,400,10,4.57,6.48,seed_derived,pseudo_formula,1
offer-EDU-008-STD-3,train,educational-academic-tools,0.160,10.00,8.00,4.00,320.000,CN,LOCAL,90,1,4.61,7.63,seed_derived,pseudo_formula,1
offer-EDU-008-STD-4,train,educational-academic-tools,0.160,10.00,8.00,4.00,320.000,MY,BULK,280,8,4.63,6.77,seed_derived,pseudo_formula,1
offer-EDU-009-STD-1,train,educational-academic-tools,0.090,24.00,4.00,3.00,288.000,IN,LOCAL,120,1,4.57,3.10,seed_derived,pseudo_formula,1
offer-EDU-009-STD-2,train,educational-academic-tools,0.090,24.00,4.00,3.00,288.000,IN,BULK,400,10,4.57,2.79,seed_derived,pseudo_formula,1
offer-EDU-009-STD-3,train,educational-academic-tools,0.090,24.00,4.00,3.00,288.000,CN,LOCAL,90,1,4.61,3.29,seed_derived,pseudo_formula,1
offer-EDU-009-STD-4,train,educational-academic-tools,0.090,24.00,4.00,3.00,288.000,MY,BULK,280,8,4.63,2.91,seed_derived,pseudo_formula,1
offer-EDU-010-STD-1,train,educational-academic-tools,0.720,30.00,24.00,5.00,3600.000,IN,LOCAL,120,1,4.57,11.00,seed_derived,pseudo_formula,1
offer-EDU-010-STD-2,train,educational-academic-tools,0.720,30.00,24.00,5.00,3600.000,IN,BULK,400,10,4.57,9.90,seed_derived,pseudo_formula,1
offer-EDU-010-STD-3,train,educational-academic-tools,0.720,30.00,24.00,5.00,3600.000,CN,LOCAL,90,1,4.61,11.66,seed_derived,pseudo_formula,1
offer-EDU-010-STD-4,train,educational-academic-tools,0.720,30.00,24.00,5.00,3600.000,MY,BULK,280,8,4.63,10.34,seed_derived,pseudo_formula,1
offer-EDU-011-STD-1,test,educational-academic-tools,0.850,25.00,18.00,12.00,5400.000,IN,LOCAL,120,1,4.57,28.00,seed_derived,pseudo_formula,1
offer-EDU-011-STD-2,test,educational-academic-tools,0.850,25.00,18.00,12.00,5400.000,IN,BULK,400,10,4.57,25.20,seed_derived,pseudo_formula,1
offer-EDU-011-STD-3,test,educational-academic-tools,0.850,25.00,18.00,12.00,5400.000,CN,LOCAL,90,1,4.61,29.68,seed_derived,pseudo_formula,1
offer-EDU-011-STD-4,test,educational-academic-tools,0.850,25.00,18.00,12.00,5400.000,MY,BULK,280,8,4.63,26.32,seed_derived,pseudo_formula,1
offer-EDU-012-STD-1,test,educational-academic-tools,0.600,24.00,18.00,8.00,3456.000,IN,LOCAL,120,1,4.57,14.00,seed_derived,pseudo_formula,1
offer-EDU-012-STD-2,test,educational-academic-tools,0.600,24.00,18.00,8.00,3456.000,IN,BULK,400,10,4.57,12.60,seed_derived,pseudo_formula,1
offer-EDU-012-STD-3,test,educational-academic-tools,0.600,24.00,18.00,8.00,3456.000,CN,LOCAL,90,1,4.61,14.84,seed_derived,pseudo_formula,1
offer-EDU-012-STD-4,test,educational-academic-tools,0.600,24.00,18.00,8.00,3456.000,MY,BULK,280,8,4.63,13.16,seed_derived,pseudo_formula,1
offer-CRT-001-STD-1,test,creator-content-tools,1.200,42.00,16.00,10.00,6720.000,MY,LOCAL,120,1,4.63,21.00,seed_derived,pseudo_formula,1
offer-CRT-001-STD-2,test,creator-content-tools,1.200,42.00,16.00,10.00,6720.000,MY,BULK,400,10,4.63,18.90,seed_derived,pseudo_formula,1
offer-CRT-001-STD-3,test,creator-content-tools,1.200,42.00,16.00,10.00,6720.000,CN,LOCAL,90,1,4.61,22.26,seed_derived,pseudo_formula,1
offer-CRT-001-STD-4,test,creator-content-tools,1.200,42.00,16.00,10.00,6720.000,SG,BULK,280,8,4.69,19.74,seed_derived,pseudo_formula,1
offer-CRT-002-STD-1,train,creator-content-tools,0.520,28.00,9.00,8.00,2016.000,MY,LOCAL,120,1,4.63,14.00,seed_derived,pseudo_formula,1
offer-CRT-002-STD-2,train,creator-content-tools,0.520,28.00,9.00,8.00,2016.000,MY,BULK,400,10,4.63,12.60,seed_derived,pseudo_formula,1
offer-CRT-002-STD-3,train,creator-content-tools,0.520,28.00,9.00,8.00,2016.000,CN,LOCAL,90,1,4.61,14.84,seed_derived,pseudo_formula,1
offer-CRT-002-STD-4,train,creator-content-tools,0.520,28.00,9.00,8.00,2016.000,SG,BULK,280,8,4.69,13.16,seed_derived,pseudo_formula,1
offer-CRT-003-STD-1,train,creator-content-tools,0.480,24.00,16.00,6.00,2304.000,MY,LOCAL,120,1,4.63,18.00,seed_derived,pseudo_formula,1
offer-CRT-003-STD-2,train,creator-content-tools,0.480,24.00,16.00,6.00,2304.000,MY,BULK,400,10,4.63,16.20,seed_derived,pseudo_formula,1
offer-CRT-003-STD-3,train,creator-content-tools,0.480,24.00,16.00,6.00,2304.000,CN,LOCAL,90,1,4.61,19.08,seed_derived,pseudo_formula,1
offer-CRT-003-STD-4,train,creator-content-tools,0.480,24.00,16.00,6.00,2304.000,SG,BULK,280,8,4.69,16.92,seed_derived,pseudo_formula,1
offer-CRT-004-STD-1,train,creator-content-tools,0.420,38.00,38.00,4.00,5776.000,MY,LOCAL,120,1,4.63,13.00,seed_derived,pseudo_formula,1
offer-CRT-004-STD-2,train,creator-content-tools,0.420,38.00,38.00,4.00,5776.000,MY,BULK,400,10,4.63,11.70,seed_derived,pseudo_formula,1
offer-CRT-004-STD-3,train,creator-content-tools,0.420,38.00,38.00,4.00,5776.000,CN,LOCAL,90,1,4.61,13.78,seed_derived,pseudo_formula,1
offer-CRT-004-STD-4,train,creator-content-tools,0.420,38.00,38.00,4.00,5776.000,SG,BULK,280,8,4.69,12.22,seed_derived,pseudo_formula,1
offer-CRT-005-STD-1,test,creator-content-tools,2.800,86.00,18.00,16.00,24768.000,MY,LOCAL,120,1,4.63,42.00,seed_derived,pseudo_formula,1
offer-CRT-005-STD-2,test,creator-content-tools,2.800,86.00,18.00,16.00,24768.000,MY,BULK,400,10,4.63,37.80,seed_derived,pseudo_formula,1
offer-CRT-005-STD-3,test,creator-content-tools,2.800,86.00,18.00,16.00,24768.000,CN,LOCAL,90,1,4.61,44.52,seed_derived,pseudo_formula,1
offer-CRT-005-STD-4,test,creator-content-tools,2.800,86.00,18.00,16.00,24768.000,SG,BULK,280,8,4.69,39.48,seed_derived,pseudo_formula,1
offer-CRT-006-STD-1,test,creator-content-tools,0.850,38.00,28.00,8.00,8512.000,MY,LOCAL,120,1,4.63,19.00,seed_derived,pseudo_formula,1
offer-CRT-006-STD-2,test,creator-content-tools,0.850,38.00,28.00,8.00,8512.000,MY,BULK,400,10,4.63,17.10,seed_derived,pseudo_formula,1
offer-CRT-006-STD-3,test,creator-content-tools,0.850,38.00,28.00,8.00,8512.000,CN,LOCAL,90,1,4.61,20.14,seed_derived,pseudo_formula,1
offer-CRT-006-STD-4,test,creator-content-tools,0.850,38.00,28.00,8.00,8512.000,SG,BULK,280,8,4.69,17.86,seed_derived,pseudo_formula,1
offer-CRT-007-STD-1,train,creator-content-tools,0.060,8.00,6.00,3.00,144.000,MY,LOCAL,120,1,4.63,5.50,seed_derived,pseudo_formula,1
offer-CRT-007-STD-2,train,creator-content-tools,0.060,8.00,6.00,3.00,144.000,MY,BULK,400,10,4.63,4.95,seed_derived,pseudo_formula,1
offer-CRT-007-STD-3,train,creator-content-tools,0.060,8.00,6.00,3.00,144.000,CN,LOCAL,90,1,4.61,5.83,seed_derived,pseudo_formula,1
offer-CRT-007-STD-4,train,creator-content-tools,0.060,8.00,6.00,3.00,144.000,SG,BULK,280,8,4.69,5.17,seed_derived,pseudo_formula,1
offer-CRT-008-STD-1,train,creator-content-tools,0.280,20.00,14.00,6.00,1680.000,MY,LOCAL,120,1,4.63,12.00,seed_derived,pseudo_formula,1
offer-CRT-008-STD-2,train,creator-content-tools,0.280,20.00,14.00,6.00,1680.000,MY,BULK,400,10,4.63,10.80,seed_derived,pseudo_formula,1
offer-CRT-008-STD-3,train,creator-content-tools,0.280,20.00,14.00,6.00,1680.000,CN,LOCAL,90,1,4.61,12.72,seed_derived,pseudo_formula,1
offer-CRT-008-STD-4,train,creator-content-tools,0.280,20.00,14.00,6.00,1680.000,SG,BULK,280,8,4.69,11.28,seed_derived,pseudo_formula,1
offer-CRT-009-STD-1,train,creator-content-tools,0.900,35.00,35.00,8.00,9800.000,MY,LOCAL,120,1,4.63,24.00,seed_derived,pseudo_formula,1
offer-CRT-009-STD-2,train,creator-content-tools,0.900,35.00,35.00,8.00,9800.000,MY,BULK,400,10,4.63,21.60,seed_derived,pseudo_formula,1
offer-CRT-009-STD-3,train,creator-content-tools,0.900,35.00,35.00,8.00,9800.000,CN,LOCAL,90,1,4.61,25.44,seed_derived,pseudo_formula,1
offer-CRT-009-STD-4,train,creator-content-tools,0.900,35.00,35.00,8.00,9800.000,SG,BULK,280,8,4.69,22.56,seed_derived,pseudo_formula,1
offer-CRT-010-STD-1,train,creator-content-tools,0.120,14.00,9.00,4.00,504.000,MY,LOCAL,120,1,4.63,14.00,seed_derived,pseudo_formula,1
offer-CRT-010-STD-2,train,creator-content-tools,0.120,14.00,9.00,4.00,504.000,MY,BULK,400,10,4.63,12.60,seed_derived,pseudo_formula,1
offer-CRT-010-STD-3,train,creator-content-tools,0.120,14.00,9.00,4.00,504.000,CN,LOCAL,90,1,4.61,14.84,seed_derived,pseudo_formula,1
offer-CRT-010-STD-4,train,creator-content-tools,0.120,14.00,9.00,4.00,504.000,SG,BULK,280,8,4.69,13.16,seed_derived,pseudo_formula,1
offer-CRT-011-STD-1,train,creator-content-tools,0.200,16.00,10.00,6.00,960.000,MY,LOCAL,120,1,4.63,9.00,seed_derived,pseudo_formula,1
offer-CRT-011-STD-2,train,creator-content-tools,0.200,16.00,10.00,6.00,960.000,MY,BULK,400,10,4.63,8.10,seed_derived,pseudo_formula,1
offer-CRT-011-STD-3,train,creator-content-tools,0.200,16.00,10.00,6.00,960.000,CN,LOCAL,90,1,4.61,9.54,seed_derived,pseudo_formula,1
offer-CRT-011-STD-4,train,creator-content-tools,0.200,16.00,10.00,6.00,960.000,SG,BULK,280,8,4.69,8.46,seed_derived,pseudo_formula,1
offer-CRT-012-STD-1,validation,creator-content-tools,0.220,30.00,22.00,5.00,3300.000,MY,LOCAL,120,1,4.63,8.60,seed_derived,pseudo_formula,1
offer-CRT-012-STD-2,validation,creator-content-tools,0.220,30.00,22.00,5.00,3300.000,MY,BULK,400,10,4.63,7.74,seed_derived,pseudo_formula,1
offer-CRT-012-STD-3,validation,creator-content-tools,0.220,30.00,22.00,5.00,3300.000,CN,LOCAL,90,1,4.61,9.12,seed_derived,pseudo_formula,1
offer-CRT-012-STD-4,validation,creator-content-tools,0.220,30.00,22.00,5.00,3300.000,SG,BULK,280,8,4.69,8.08,seed_derived,pseudo_formula,1
offer-PKG-001-STD-1,train,ecommerce-packaging-supplies,0.650,34.00,25.00,6.00,5100.000,VN,LOCAL,120,1,4.60,7.50,seed_derived,pseudo_formula,1
offer-PKG-001-STD-2,train,ecommerce-packaging-supplies,0.650,34.00,25.00,6.00,5100.000,VN,BULK,400,10,4.60,6.75,seed_derived,pseudo_formula,1
offer-PKG-001-STD-3,train,ecommerce-packaging-supplies,0.650,34.00,25.00,6.00,5100.000,CN,LOCAL,90,1,4.61,7.95,seed_derived,pseudo_formula,1
offer-PKG-001-STD-4,train,ecommerce-packaging-supplies,0.650,34.00,25.00,6.00,5100.000,TH,BULK,280,8,4.54,7.05,seed_derived,pseudo_formula,1
offer-PKG-002-STD-1,train,ecommerce-packaging-supplies,2.400,52.00,38.00,12.00,23712.000,VN,LOCAL,120,1,4.60,18.00,seed_derived,pseudo_formula,1
offer-PKG-002-STD-2,train,ecommerce-packaging-supplies,2.400,52.00,38.00,12.00,23712.000,VN,BULK,400,10,4.60,16.20,seed_derived,pseudo_formula,1
offer-PKG-002-STD-3,train,ecommerce-packaging-supplies,2.400,52.00,38.00,12.00,23712.000,CN,LOCAL,90,1,4.61,19.08,seed_derived,pseudo_formula,1
offer-PKG-002-STD-4,train,ecommerce-packaging-supplies,2.400,52.00,38.00,12.00,23712.000,TH,BULK,280,8,4.54,16.92,seed_derived,pseudo_formula,1
offer-PKG-003-STD-1,test,ecommerce-packaging-supplies,0.900,36.00,27.00,8.00,7776.000,VN,LOCAL,120,1,4.60,11.00,seed_derived,pseudo_formula,1
offer-PKG-003-STD-2,test,ecommerce-packaging-supplies,0.900,36.00,27.00,8.00,7776.000,VN,BULK,400,10,4.60,9.90,seed_derived,pseudo_formula,1
offer-PKG-003-STD-3,test,ecommerce-packaging-supplies,0.900,36.00,27.00,8.00,7776.000,CN,LOCAL,90,1,4.61,11.66,seed_derived,pseudo_formula,1
offer-PKG-003-STD-4,test,ecommerce-packaging-supplies,0.900,36.00,27.00,8.00,7776.000,TH,BULK,280,8,4.54,10.34,seed_derived,pseudo_formula,1
offer-PKG-004-STD-1,train,ecommerce-packaging-supplies,1.800,42.00,20.00,20.00,16800.000,VN,LOCAL,120,1,4.60,13.00,seed_derived,pseudo_formula,1
offer-PKG-004-STD-2,train,ecommerce-packaging-supplies,1.800,42.00,20.00,20.00,16800.000,VN,BULK,400,10,4.60,11.70,seed_derived,pseudo_formula,1
offer-PKG-004-STD-3,train,ecommerce-packaging-supplies,1.800,42.00,20.00,20.00,16800.000,CN,LOCAL,90,1,4.61,13.78,seed_derived,pseudo_formula,1
offer-PKG-004-STD-4,train,ecommerce-packaging-supplies,1.800,42.00,20.00,20.00,16800.000,TH,BULK,280,8,4.54,12.22,seed_derived,pseudo_formula,1
offer-PKG-005-STD-1,train,ecommerce-packaging-supplies,1.600,42.00,18.00,18.00,13608.000,VN,LOCAL,120,1,4.60,14.50,seed_derived,pseudo_formula,1
offer-PKG-005-STD-2,train,ecommerce-packaging-supplies,1.600,42.00,18.00,18.00,13608.000,VN,BULK,400,10,4.60,13.05,seed_derived,pseudo_formula,1
offer-PKG-005-STD-3,train,ecommerce-packaging-supplies,1.600,42.00,18.00,18.00,13608.000,CN,LOCAL,90,1,4.61,15.37,seed_derived,pseudo_formula,1
offer-PKG-005-STD-4,train,ecommerce-packaging-supplies,1.600,42.00,18.00,18.00,13608.000,TH,BULK,280,8,4.54,13.63,seed_derived,pseudo_formula,1
offer-PKG-006-STD-1,validation,ecommerce-packaging-supplies,0.850,24.00,16.00,8.00,3072.000,VN,LOCAL,120,1,4.60,8.20,seed_derived,pseudo_formula,1
offer-PKG-006-STD-2,validation,ecommerce-packaging-supplies,0.850,24.00,16.00,8.00,3072.000,VN,BULK,400,10,4.60,7.38,seed_derived,pseudo_formula,1
offer-PKG-006-STD-3,validation,ecommerce-packaging-supplies,0.850,24.00,16.00,8.00,3072.000,CN,LOCAL,90,1,4.61,8.69,seed_derived,pseudo_formula,1
offer-PKG-006-STD-4,validation,ecommerce-packaging-supplies,0.850,24.00,16.00,8.00,3072.000,TH,BULK,280,8,4.54,7.71,seed_derived,pseudo_formula,1
offer-PKG-007-STD-1,test,ecommerce-packaging-supplies,0.420,16.00,12.00,10.00,1920.000,VN,LOCAL,120,1,4.60,6.80,seed_derived,pseudo_formula,1
offer-PKG-007-STD-2,test,ecommerce-packaging-supplies,0.420,16.00,12.00,10.00,1920.000,VN,BULK,400,10,4.60,6.12,seed_derived,pseudo_formula,1
offer-PKG-007-STD-3,test,ecommerce-packaging-supplies,0.420,16.00,12.00,10.00,1920.000,CN,LOCAL,90,1,4.61,7.21,seed_derived,pseudo_formula,1
offer-PKG-007-STD-4,test,ecommerce-packaging-supplies,0.420,16.00,12.00,10.00,1920.000,TH,BULK,280,8,4.54,6.39,seed_derived,pseudo_formula,1
offer-PKG-008-STD-1,test,ecommerce-packaging-supplies,0.780,18.00,14.00,12.00,3024.000,VN,LOCAL,120,1,4.60,7.20,seed_derived,pseudo_formula,1
offer-PKG-008-STD-2,test,ecommerce-packaging-supplies,0.780,18.00,14.00,12.00,3024.000,VN,BULK,400,10,4.60,6.48,seed_derived,pseudo_formula,1
offer-PKG-008-STD-3,test,ecommerce-packaging-supplies,0.780,18.00,14.00,12.00,3024.000,CN,LOCAL,90,1,4.61,7.63,seed_derived,pseudo_formula,1
offer-PKG-008-STD-4,test,ecommerce-packaging-supplies,0.780,18.00,14.00,12.00,3024.000,TH,BULK,280,8,4.54,6.77,seed_derived,pseudo_formula,1
offer-PKG-009-STD-1,train,ecommerce-packaging-supplies,0.520,26.00,20.00,4.00,2080.000,VN,LOCAL,120,1,4.60,5.40,seed_derived,pseudo_formula,1
offer-PKG-009-STD-2,train,ecommerce-packaging-supplies,0.520,26.00,20.00,4.00,2080.000,VN,BULK,400,10,4.60,4.86,seed_derived,pseudo_formula,1
offer-PKG-009-STD-3,train,ecommerce-packaging-supplies,0.520,26.00,20.00,4.00,2080.000,CN,LOCAL,90,1,4.61,5.72,seed_derived,pseudo_formula,1
offer-PKG-009-STD-4,train,ecommerce-packaging-supplies,0.520,26.00,20.00,4.00,2080.000,TH,BULK,280,8,4.54,5.08,seed_derived,pseudo_formula,1
offer-PKG-010-STD-1,train,ecommerce-packaging-supplies,0.760,38.00,28.00,7.00,7448.000,VN,LOCAL,120,1,4.60,9.60,seed_derived,pseudo_formula,1
offer-PKG-010-STD-2,train,ecommerce-packaging-supplies,0.760,38.00,28.00,7.00,7448.000,VN,BULK,400,10,4.60,8.64,seed_derived,pseudo_formula,1
offer-PKG-010-STD-3,train,ecommerce-packaging-supplies,0.760,38.00,28.00,7.00,7448.000,CN,LOCAL,90,1,4.61,10.18,seed_derived,pseudo_formula,1
offer-PKG-010-STD-4,train,ecommerce-packaging-supplies,0.760,38.00,28.00,7.00,7448.000,TH,BULK,280,8,4.54,9.02,seed_derived,pseudo_formula,1
offer-PKG-011-STD-1,train,ecommerce-packaging-supplies,1.100,36.00,24.00,12.00,10368.000,VN,LOCAL,120,1,4.60,8.80,seed_derived,pseudo_formula,1
offer-PKG-011-STD-2,train,ecommerce-packaging-supplies,1.100,36.00,24.00,12.00,10368.000,VN,BULK,400,10,4.60,7.92,seed_derived,pseudo_formula,1
offer-PKG-011-STD-3,train,ecommerce-packaging-supplies,1.100,36.00,24.00,12.00,10368.000,CN,LOCAL,90,1,4.61,9.33,seed_derived,pseudo_formula,1
offer-PKG-011-STD-4,train,ecommerce-packaging-supplies,1.100,36.00,24.00,12.00,10368.000,TH,BULK,280,8,4.54,8.27,seed_derived,pseudo_formula,1
offer-PKG-012-STD-1,train,ecommerce-packaging-supplies,0.500,16.00,12.00,8.00,1536.000,VN,LOCAL,120,1,4.60,6.00,seed_derived,pseudo_formula,1
offer-PKG-012-STD-2,train,ecommerce-packaging-supplies,0.500,16.00,12.00,8.00,1536.000,VN,BULK,400,10,4.60,5.40,seed_derived,pseudo_formula,1
offer-PKG-012-STD-3,train,ecommerce-packaging-supplies,0.500,16.00,12.00,8.00,1536.000,CN,LOCAL,90,1,4.61,6.36,seed_derived,pseudo_formula,1
offer-PKG-012-STD-4,train,ecommerce-packaging-supplies,0.500,16.00,12.00,8.00,1536.000,TH,BULK,280,8,4.54,5.64,seed_derived,pseudo_formula,1
offer-HOS-001-STD-1,validation,home-organization-storage,1.200,42.00,32.00,18.00,24192.000,VN,LOCAL,120,1,4.60,12.00,seed_derived,pseudo_formula,1
offer-HOS-001-STD-2,validation,home-organization-storage,1.200,42.00,32.00,18.00,24192.000,VN,BULK,400,10,4.60,10.80,seed_derived,pseudo_formula,1
offer-HOS-001-STD-3,validation,home-organization-storage,1.200,42.00,32.00,18.00,24192.000,TR,LOCAL,90,1,4.58,12.72,seed_derived,pseudo_formula,1
offer-HOS-001-STD-4,validation,home-organization-storage,1.200,42.00,32.00,18.00,24192.000,CN,BULK,280,8,4.61,11.28,seed_derived,pseudo_formula,1
offer-HOS-002-STD-1,train,home-organization-storage,0.650,40.00,30.00,8.00,9600.000,VN,LOCAL,120,1,4.60,8.50,seed_derived,pseudo_formula,1
offer-HOS-002-STD-2,train,home-organization-storage,0.650,40.00,30.00,8.00,9600.000,VN,BULK,400,10,4.60,7.65,seed_derived,pseudo_formula,1
offer-HOS-002-STD-3,train,home-organization-storage,0.650,40.00,30.00,8.00,9600.000,TR,LOCAL,90,1,4.58,9.01,seed_derived,pseudo_formula,1
offer-HOS-002-STD-4,train,home-organization-storage,0.650,40.00,30.00,8.00,9600.000,CN,BULK,280,8,4.61,7.99,seed_derived,pseudo_formula,1
offer-HOS-003-STD-1,train,home-organization-storage,0.750,44.00,12.00,8.00,4224.000,VN,LOCAL,120,1,4.60,9.80,seed_derived,pseudo_formula,1
offer-HOS-003-STD-2,train,home-organization-storage,0.750,44.00,12.00,8.00,4224.000,VN,BULK,400,10,4.60,8.82,seed_derived,pseudo_formula,1
offer-HOS-003-STD-3,train,home-organization-storage,0.750,44.00,12.00,8.00,4224.000,TR,LOCAL,90,1,4.58,10.39,seed_derived,pseudo_formula,1
offer-HOS-003-STD-4,train,home-organization-storage,0.750,44.00,12.00,8.00,4224.000,CN,BULK,280,8,4.61,9.21,seed_derived,pseudo_formula,1
offer-HOS-004-STD-1,test,home-organization-storage,1.100,42.00,32.00,10.00,13440.000,VN,LOCAL,120,1,4.60,14.00,seed_derived,pseudo_formula,1
offer-HOS-004-STD-2,test,home-organization-storage,1.100,42.00,32.00,10.00,13440.000,VN,BULK,400,10,4.60,12.60,seed_derived,pseudo_formula,1
offer-HOS-004-STD-3,test,home-organization-storage,1.100,42.00,32.00,10.00,13440.000,TR,LOCAL,90,1,4.58,14.84,seed_derived,pseudo_formula,1
offer-HOS-004-STD-4,test,home-organization-storage,1.100,42.00,32.00,10.00,13440.000,CN,BULK,280,8,4.61,13.16,seed_derived,pseudo_formula,1
offer-HOS-005-STD-1,train,home-organization-storage,0.850,38.00,30.00,9.00,10260.000,VN,LOCAL,120,1,4.60,11.50,seed_derived,pseudo_formula,1
offer-HOS-005-STD-2,train,home-organization-storage,0.850,38.00,30.00,9.00,10260.000,VN,BULK,400,10,4.60,10.35,seed_derived,pseudo_formula,1
offer-HOS-005-STD-3,train,home-organization-storage,0.850,38.00,30.00,9.00,10260.000,TR,LOCAL,90,1,4.58,12.19,seed_derived,pseudo_formula,1
offer-HOS-005-STD-4,train,home-organization-storage,0.850,38.00,30.00,9.00,10260.000,CN,BULK,280,8,4.61,10.81,seed_derived,pseudo_formula,1
offer-HOS-006-STD-1,test,home-organization-storage,0.520,34.00,30.00,5.00,5100.000,VN,LOCAL,120,1,4.60,6.80,seed_derived,pseudo_formula,1
offer-HOS-006-STD-2,test,home-organization-storage,0.520,34.00,30.00,5.00,5100.000,VN,BULK,400,10,4.60,6.12,seed_derived,pseudo_formula,1
offer-HOS-006-STD-3,test,home-organization-storage,0.520,34.00,30.00,5.00,5100.000,TR,LOCAL,90,1,4.58,7.21,seed_derived,pseudo_formula,1
offer-HOS-006-STD-4,test,home-organization-storage,0.520,34.00,30.00,5.00,5100.000,CN,BULK,280,8,4.61,6.39,seed_derived,pseudo_formula,1
offer-HOS-007-STD-1,test,home-organization-storage,0.900,34.00,22.00,8.00,5984.000,VN,LOCAL,120,1,4.60,10.00,seed_derived,pseudo_formula,1
offer-HOS-007-STD-2,test,home-organization-storage,0.900,34.00,22.00,8.00,5984.000,VN,BULK,400,10,4.60,9.00,seed_derived,pseudo_formula,1
offer-HOS-007-STD-3,test,home-organization-storage,0.900,34.00,22.00,8.00,5984.000,TR,LOCAL,90,1,4.58,10.60,seed_derived,pseudo_formula,1
offer-HOS-007-STD-4,test,home-organization-storage,0.900,34.00,22.00,8.00,5984.000,CN,BULK,280,8,4.61,9.40,seed_derived,pseudo_formula,1
offer-HOS-008-STD-1,train,home-organization-storage,0.720,36.00,24.00,10.00,8640.000,VN,LOCAL,120,1,4.60,7.50,seed_derived,pseudo_formula,1
offer-HOS-008-STD-2,train,home-organization-storage,0.720,36.00,24.00,10.00,8640.000,VN,BULK,400,10,4.60,6.75,seed_derived,pseudo_formula,1
offer-HOS-008-STD-3,train,home-organization-storage,0.720,36.00,24.00,10.00,8640.000,TR,LOCAL,90,1,4.58,7.95,seed_derived,pseudo_formula,1
offer-HOS-008-STD-4,train,home-organization-storage,0.720,36.00,24.00,10.00,8640.000,CN,BULK,280,8,4.61,7.05,seed_derived,pseudo_formula,1
offer-HOS-009-STD-1,train,home-organization-storage,0.480,30.00,14.00,12.00,5040.000,VN,LOCAL,120,1,4.60,5.90,seed_derived,pseudo_formula,1
offer-HOS-009-STD-2,train,home-organization-storage,0.480,30.00,14.00,12.00,5040.000,VN,BULK,400,10,4.60,5.31,seed_derived,pseudo_formula,1
offer-HOS-009-STD-3,train,home-organization-storage,0.480,30.00,14.00,12.00,5040.000,TR,LOCAL,90,1,4.58,6.25,seed_derived,pseudo_formula,1
offer-HOS-009-STD-4,train,home-organization-storage,0.480,30.00,14.00,12.00,5040.000,CN,BULK,280,8,4.61,5.55,seed_derived,pseudo_formula,1
offer-HOS-010-STD-1,train,home-organization-storage,0.680,28.00,18.00,16.00,8064.000,VN,LOCAL,120,1,4.60,9.20,seed_derived,pseudo_formula,1
offer-HOS-010-STD-2,train,home-organization-storage,0.680,28.00,18.00,16.00,8064.000,VN,BULK,400,10,4.60,8.28,seed_derived,pseudo_formula,1
offer-HOS-010-STD-3,train,home-organization-storage,0.680,28.00,18.00,16.00,8064.000,TR,LOCAL,90,1,4.58,9.75,seed_derived,pseudo_formula,1
offer-HOS-010-STD-4,train,home-organization-storage,0.680,28.00,18.00,16.00,8064.000,CN,BULK,280,8,4.61,8.65,seed_derived,pseudo_formula,1
offer-HOS-011-STD-1,train,home-organization-storage,0.900,36.00,28.00,9.00,9072.000,VN,LOCAL,120,1,4.60,12.50,seed_derived,pseudo_formula,1
offer-HOS-011-STD-2,train,home-organization-storage,0.900,36.00,28.00,9.00,9072.000,VN,BULK,400,10,4.60,11.25,seed_derived,pseudo_formula,1
offer-HOS-011-STD-3,train,home-organization-storage,0.900,36.00,28.00,9.00,9072.000,TR,LOCAL,90,1,4.58,13.25,seed_derived,pseudo_formula,1
offer-HOS-011-STD-4,train,home-organization-storage,0.900,36.00,28.00,9.00,9072.000,CN,BULK,280,8,4.61,11.75,seed_derived,pseudo_formula,1
offer-HOS-012-STD-1,train,home-organization-storage,3.200,48.00,36.00,18.00,31104.000,VN,LOCAL,120,1,4.60,32.00,seed_derived,pseudo_formula,1
offer-HOS-012-STD-2,train,home-organization-storage,3.200,48.00,36.00,18.00,31104.000,VN,BULK,400,10,4.60,28.80,seed_derived,pseudo_formula,1
offer-HOS-012-STD-3,train,home-organization-storage,3.200,48.00,36.00,18.00,31104.000,TR,LOCAL,90,1,4.58,33.92,seed_derived,pseudo_formula,1
offer-HOS-012-STD-4,train,home-organization-storage,3.200,48.00,36.00,18.00,31104.000,CN,BULK,280,8,4.61,30.08,seed_derived,pseudo_formula,1
offer-FAS-001-STD-1,test,fashion-accessories,0.220,24.00,12.00,5.00,1440.000,TR,LOCAL,120,1,4.58,7.50,seed_derived,pseudo_formula,1
offer-FAS-001-STD-2,test,fashion-accessories,0.220,24.00,12.00,5.00,1440.000,TR,BULK,400,10,4.58,6.75,seed_derived,pseudo_formula,1
offer-FAS-001-STD-3,test,fashion-accessories,0.220,24.00,12.00,5.00,1440.000,IN,LOCAL,90,1,4.57,7.95,seed_derived,pseudo_formula,1
offer-FAS-001-STD-4,test,fashion-accessories,0.220,24.00,12.00,5.00,1440.000,TH,BULK,280,8,4.54,7.05,seed_derived,pseudo_formula,1
offer-FAS-002-STD-1,train,fashion-accessories,0.180,22.00,12.00,5.00,1320.000,TR,LOCAL,120,1,4.58,5.80,seed_derived,pseudo_formula,1
offer-FAS-002-STD-2,train,fashion-accessories,0.180,22.00,12.00,5.00,1320.000,TR,BULK,400,10,4.58,5.22,seed_derived,pseudo_formula,1
offer-FAS-002-STD-3,train,fashion-accessories,0.180,22.00,12.00,5.00,1320.000,IN,LOCAL,90,1,4.57,6.15,seed_derived,pseudo_formula,1
offer-FAS-002-STD-4,train,fashion-accessories,0.180,22.00,12.00,5.00,1320.000,TH,BULK,280,8,4.54,5.45,seed_derived,pseudo_formula,1
offer-FAS-003-STD-1,test,fashion-accessories,0.350,28.00,20.00,6.00,3360.000,TR,LOCAL,120,1,4.58,13.00,seed_derived,pseudo_formula,1
offer-FAS-003-STD-2,test,fashion-accessories,0.350,28.00,20.00,6.00,3360.000,TR,BULK,400,10,4.58,11.70,seed_derived,pseudo_formula,1
offer-FAS-003-STD-3,test,fashion-accessories,0.350,28.00,20.00,6.00,3360.000,IN,LOCAL,90,1,4.57,13.78,seed_derived,pseudo_formula,1
offer-FAS-003-STD-4,test,fashion-accessories,0.350,28.00,20.00,6.00,3360.000,TH,BULK,280,8,4.54,12.22,seed_derived,pseudo_formula,1
offer-FAS-004-STD-1,train,fashion-accessories,0.160,24.00,20.00,12.00,5760.000,TR,LOCAL,120,1,4.58,6.80,seed_derived,pseudo_formula,1
offer-FAS-004-STD-2,train,fashion-accessories,0.160,24.00,20.00,12.00,5760.000,TR,BULK,400,10,4.58,6.12,seed_derived,pseudo_formula,1
offer-FAS-004-STD-3,train,fashion-accessories,0.160,24.00,20.00,12.00,5760.000,IN,LOCAL,90,1,4.57,7.21,seed_derived,pseudo_formula,1
offer-FAS-004-STD-4,train,fashion-accessories,0.160,24.00,20.00,12.00,5760.000,TH,BULK,280,8,4.54,6.39,seed_derived,pseudo_formula,1
offer-FAS-005-STD-1,train,fashion-accessories,0.150,24.00,20.00,8.00,3840.000,TR,LOCAL,120,1,4.58,6.50,seed_derived,pseudo_formula,1
offer-FAS-005-STD-2,train,fashion-accessories,0.150,24.00,20.00,8.00,3840.000,TR,BULK,400,10,4.58,5.85,seed_derived,pseudo_formula,1
offer-FAS-005-STD-3,train,fashion-accessories,0.150,24.00,20.00,8.00,3840.000,IN,LOCAL,90,1,4.57,6.89,seed_derived,pseudo_formula,1
offer-FAS-005-STD-4,train,fashion-accessories,0.150,24.00,20.00,8.00,3840.000,TH,BULK,280,8,4.54,6.11,seed_derived,pseudo_formula,1
offer-FAS-006-STD-1,train,fashion-accessories,0.100,16.00,11.00,5.00,880.000,TR,LOCAL,120,1,4.58,3.80,seed_derived,pseudo_formula,1
offer-FAS-006-STD-2,train,fashion-accessories,0.100,16.00,11.00,5.00,880.000,TR,BULK,400,10,4.58,3.42,seed_derived,pseudo_formula,1
offer-FAS-006-STD-3,train,fashion-accessories,0.100,16.00,11.00,5.00,880.000,IN,LOCAL,90,1,4.57,4.03,seed_derived,pseudo_formula,1
offer-FAS-006-STD-4,train,fashion-accessories,0.100,16.00,11.00,5.00,880.000,TH,BULK,280,8,4.54,3.57,seed_derived,pseudo_formula,1
offer-FAS-007-STD-1,validation,fashion-accessories,0.120,18.00,14.00,4.00,1008.000,TR,LOCAL,120,1,4.58,4.20,seed_derived,pseudo_formula,1
offer-FAS-007-STD-2,validation,fashion-accessories,0.120,18.00,14.00,4.00,1008.000,TR,BULK,400,10,4.58,3.78,seed_derived,pseudo_formula,1
offer-FAS-007-STD-3,validation,fashion-accessories,0.120,18.00,14.00,4.00,1008.000,IN,LOCAL,90,1,4.57,4.45,seed_derived,pseudo_formula,1
offer-FAS-007-STD-4,validation,fashion-accessories,0.120,18.00,14.00,4.00,1008.000,TH,BULK,280,8,4.54,3.95,seed_derived,pseudo_formula,1
offer-FAS-008-STD-1,test,fashion-accessories,0.090,12.00,9.00,3.00,324.000,TR,LOCAL,120,1,4.58,5.40,seed_derived,pseudo_formula,1
offer-FAS-008-STD-2,test,fashion-accessories,0.090,12.00,9.00,3.00,324.000,TR,BULK,400,10,4.58,4.86,seed_derived,pseudo_formula,1
offer-FAS-008-STD-3,test,fashion-accessories,0.090,12.00,9.00,3.00,324.000,IN,LOCAL,90,1,4.57,5.72,seed_derived,pseudo_formula,1
offer-FAS-008-STD-4,test,fashion-accessories,0.090,12.00,9.00,3.00,324.000,TH,BULK,280,8,4.54,5.08,seed_derived,pseudo_formula,1
offer-FAS-009-STD-1,train,fashion-accessories,0.080,12.00,9.00,3.00,324.000,TR,LOCAL,120,1,4.58,6.00,seed_derived,pseudo_formula,1
offer-FAS-009-STD-2,train,fashion-accessories,0.080,12.00,9.00,3.00,324.000,TR,BULK,400,10,4.58,5.40,seed_derived,pseudo_formula,1
offer-FAS-009-STD-3,train,fashion-accessories,0.080,12.00,9.00,3.00,324.000,IN,LOCAL,90,1,4.57,6.36,seed_derived,pseudo_formula,1
offer-FAS-009-STD-4,train,fashion-accessories,0.080,12.00,9.00,3.00,324.000,TH,BULK,280,8,4.54,5.64,seed_derived,pseudo_formula,1
offer-FAS-010-STD-1,train,fashion-accessories,0.140,18.00,8.00,6.00,864.000,TR,LOCAL,120,1,4.58,4.60,seed_derived,pseudo_formula,1
offer-FAS-010-STD-2,train,fashion-accessories,0.140,18.00,8.00,6.00,864.000,TR,BULK,400,10,4.58,4.14,seed_derived,pseudo_formula,1
offer-FAS-010-STD-3,train,fashion-accessories,0.140,18.00,8.00,6.00,864.000,IN,LOCAL,90,1,4.57,4.88,seed_derived,pseudo_formula,1
offer-FAS-010-STD-4,train,fashion-accessories,0.140,18.00,8.00,6.00,864.000,TH,BULK,280,8,4.54,4.32,seed_derived,pseudo_formula,1
offer-FAS-011-STD-1,train,fashion-accessories,0.220,14.00,11.00,4.00,616.000,TR,LOCAL,120,1,4.58,9.50,seed_derived,pseudo_formula,1
offer-FAS-011-STD-2,train,fashion-accessories,0.220,14.00,11.00,4.00,616.000,TR,BULK,400,10,4.58,8.55,seed_derived,pseudo_formula,1
offer-FAS-011-STD-3,train,fashion-accessories,0.220,14.00,11.00,4.00,616.000,IN,LOCAL,90,1,4.57,10.07,seed_derived,pseudo_formula,1
offer-FAS-011-STD-4,train,fashion-accessories,0.220,14.00,11.00,4.00,616.000,TH,BULK,280,8,4.54,8.93,seed_derived,pseudo_formula,1
offer-FAS-012-STD-1,train,fashion-accessories,0.650,42.00,30.00,8.00,10080.000,TR,LOCAL,120,1,4.58,18.00,seed_derived,pseudo_formula,1
offer-FAS-012-STD-2,train,fashion-accessories,0.650,42.00,30.00,8.00,10080.000,TR,BULK,400,10,4.58,16.20,seed_derived,pseudo_formula,1
offer-FAS-012-STD-3,train,fashion-accessories,0.650,42.00,30.00,8.00,10080.000,IN,LOCAL,90,1,4.57,19.08,seed_derived,pseudo_formula,1
offer-FAS-012-STD-4,train,fashion-accessories,0.650,42.00,30.00,8.00,10080.000,TH,BULK,280,8,4.54,16.92,seed_derived,pseudo_formula,1
offer-BTY-001-STD-1,train,beauty-tools-accessories,0.320,24.00,15.00,5.00,1800.000,CN,LOCAL,120,1,4.61,11.00,seed_derived,pseudo_formula,1
offer-BTY-001-STD-2,train,beauty-tools-accessories,0.320,24.00,15.00,5.00,1800.000,CN,BULK,400,10,4.61,9.90,seed_derived,pseudo_formula,1
offer-BTY-001-STD-3,train,beauty-tools-accessories,0.320,24.00,15.00,5.00,1800.000,TH,LOCAL,90,1,4.54,11.66,seed_derived,pseudo_formula,1
offer-BTY-001-STD-4,train,beauty-tools-accessories,0.320,24.00,15.00,5.00,1800.000,IN,BULK,280,8,4.57,10.34,seed_derived,pseudo_formula,1
offer-BTY-002-STD-1,train,beauty-tools-accessories,0.100,16.00,12.00,6.00,1152.000,CN,LOCAL,120,1,4.61,4.50,seed_derived,pseudo_formula,1
offer-BTY-002-STD-2,train,beauty-tools-accessories,0.100,16.00,12.00,6.00,1152.000,CN,BULK,400,10,4.61,4.05,seed_derived,pseudo_formula,1
offer-BTY-002-STD-3,train,beauty-tools-accessories,0.100,16.00,12.00,6.00,1152.000,TH,LOCAL,90,1,4.54,4.77,seed_derived,pseudo_formula,1
offer-BTY-002-STD-4,train,beauty-tools-accessories,0.100,16.00,12.00,6.00,1152.000,IN,BULK,280,8,4.57,4.23,seed_derived,pseudo_formula,1
offer-BTY-003-STD-1,train,beauty-tools-accessories,0.060,12.00,7.00,4.00,336.000,CN,LOCAL,120,1,4.61,3.80,seed_derived,pseudo_formula,1
offer-BTY-003-STD-2,train,beauty-tools-accessories,0.060,12.00,7.00,4.00,336.000,CN,BULK,400,10,4.61,3.42,seed_derived,pseudo_formula,1
offer-BTY-003-STD-3,train,beauty-tools-accessories,0.060,12.00,7.00,4.00,336.000,TH,LOCAL,90,1,4.54,4.03,seed_derived,pseudo_formula,1
offer-BTY-003-STD-4,train,beauty-tools-accessories,0.060,12.00,7.00,4.00,336.000,IN,BULK,280,8,4.57,3.57,seed_derived,pseudo_formula,1
offer-BTY-004-STD-1,validation,beauty-tools-accessories,0.080,15.00,7.00,3.00,315.000,CN,LOCAL,120,1,4.61,5.20,seed_derived,pseudo_formula,1
offer-BTY-004-STD-2,validation,beauty-tools-accessories,0.080,15.00,7.00,3.00,315.000,CN,BULK,400,10,4.61,4.68,seed_derived,pseudo_formula,1
offer-BTY-004-STD-3,validation,beauty-tools-accessories,0.080,15.00,7.00,3.00,315.000,TH,LOCAL,90,1,4.54,5.51,seed_derived,pseudo_formula,1
offer-BTY-004-STD-4,validation,beauty-tools-accessories,0.080,15.00,7.00,3.00,315.000,IN,BULK,280,8,4.57,4.89,seed_derived,pseudo_formula,1
offer-BTY-005-STD-1,test,beauty-tools-accessories,0.120,15.00,8.00,5.00,600.000,CN,LOCAL,120,1,4.61,4.80,seed_derived,pseudo_formula,1
offer-BTY-005-STD-2,test,beauty-tools-accessories,0.120,15.00,8.00,5.00,600.000,CN,BULK,400,10,4.61,4.32,seed_derived,pseudo_formula,1
offer-BTY-005-STD-3,test,beauty-tools-accessories,0.120,15.00,8.00,5.00,600.000,TH,LOCAL,90,1,4.54,5.09,seed_derived,pseudo_formula,1
offer-BTY-005-STD-4,test,beauty-tools-accessories,0.120,15.00,8.00,5.00,600.000,IN,BULK,280,8,4.57,4.51,seed_derived,pseudo_formula,1
offer-BTY-006-STD-1,train,beauty-tools-accessories,0.140,18.00,12.00,5.00,1080.000,CN,LOCAL,120,1,4.61,4.20,seed_derived,pseudo_formula,1
offer-BTY-006-STD-2,train,beauty-tools-accessories,0.140,18.00,12.00,5.00,1080.000,CN,BULK,400,10,4.61,3.78,seed_derived,pseudo_formula,1
offer-BTY-006-STD-3,train,beauty-tools-accessories,0.140,18.00,12.00,5.00,1080.000,TH,LOCAL,90,1,4.54,4.45,seed_derived,pseudo_formula,1
offer-BTY-006-STD-4,train,beauty-tools-accessories,0.140,18.00,12.00,5.00,1080.000,IN,BULK,280,8,4.57,3.95,seed_derived,pseudo_formula,1
offer-BTY-007-STD-1,train,beauty-tools-accessories,0.300,22.00,15.00,10.00,3300.000,CN,LOCAL,120,1,4.61,7.50,seed_derived,pseudo_formula,1
offer-BTY-007-STD-2,train,beauty-tools-accessories,0.300,22.00,15.00,10.00,3300.000,CN,BULK,400,10,4.61,6.75,seed_derived,pseudo_formula,1
offer-BTY-007-STD-3,train,beauty-tools-accessories,0.300,22.00,15.00,10.00,3300.000,TH,LOCAL,90,1,4.54,7.95,seed_derived,pseudo_formula,1
offer-BTY-007-STD-4,train,beauty-tools-accessories,0.300,22.00,15.00,10.00,3300.000,IN,BULK,280,8,4.57,7.05,seed_derived,pseudo_formula,1
offer-BTY-008-STD-1,train,beauty-tools-accessories,0.100,18.00,8.00,3.00,432.000,CN,LOCAL,120,1,4.61,3.60,seed_derived,pseudo_formula,1
offer-BTY-008-STD-2,train,beauty-tools-accessories,0.100,18.00,8.00,3.00,432.000,CN,BULK,400,10,4.61,3.24,seed_derived,pseudo_formula,1
offer-BTY-008-STD-3,train,beauty-tools-accessories,0.100,18.00,8.00,3.00,432.000,TH,LOCAL,90,1,4.54,3.82,seed_derived,pseudo_formula,1
offer-BTY-008-STD-4,train,beauty-tools-accessories,0.100,18.00,8.00,3.00,432.000,IN,BULK,280,8,4.57,3.38,seed_derived,pseudo_formula,1
offer-BTY-009-STD-1,train,beauty-tools-accessories,0.110,10.00,9.00,7.00,630.000,CN,LOCAL,120,1,4.61,4.60,seed_derived,pseudo_formula,1
offer-BTY-009-STD-2,train,beauty-tools-accessories,0.110,10.00,9.00,7.00,630.000,CN,BULK,400,10,4.61,4.14,seed_derived,pseudo_formula,1
offer-BTY-009-STD-3,train,beauty-tools-accessories,0.110,10.00,9.00,7.00,630.000,TH,LOCAL,90,1,4.54,4.88,seed_derived,pseudo_formula,1
offer-BTY-009-STD-4,train,beauty-tools-accessories,0.110,10.00,9.00,7.00,630.000,IN,BULK,280,8,4.57,4.32,seed_derived,pseudo_formula,1
offer-BTY-010-STD-1,test,beauty-tools-accessories,0.240,20.00,15.00,6.00,1800.000,CN,LOCAL,120,1,4.61,6.20,seed_derived,pseudo_formula,1
offer-BTY-010-STD-2,test,beauty-tools-accessories,0.240,20.00,15.00,6.00,1800.000,CN,BULK,400,10,4.61,5.58,seed_derived,pseudo_formula,1
offer-BTY-010-STD-3,test,beauty-tools-accessories,0.240,20.00,15.00,6.00,1800.000,TH,LOCAL,90,1,4.54,6.57,seed_derived,pseudo_formula,1
offer-BTY-010-STD-4,test,beauty-tools-accessories,0.240,20.00,15.00,6.00,1800.000,IN,BULK,280,8,4.57,5.83,seed_derived,pseudo_formula,1
offer-BTY-011-STD-1,test,beauty-tools-accessories,0.180,12.00,10.00,3.00,360.000,CN,LOCAL,120,1,4.61,5.80,seed_derived,pseudo_formula,1
offer-BTY-011-STD-2,test,beauty-tools-accessories,0.180,12.00,10.00,3.00,360.000,CN,BULK,400,10,4.61,5.22,seed_derived,pseudo_formula,1
offer-BTY-011-STD-3,test,beauty-tools-accessories,0.180,12.00,10.00,3.00,360.000,TH,LOCAL,90,1,4.54,6.15,seed_derived,pseudo_formula,1
offer-BTY-011-STD-4,test,beauty-tools-accessories,0.180,12.00,10.00,3.00,360.000,IN,BULK,280,8,4.57,5.45,seed_derived,pseudo_formula,1
offer-BTY-012-STD-1,train,beauty-tools-accessories,0.450,25.00,18.00,10.00,4500.000,CN,LOCAL,120,1,4.61,8.00,seed_derived,pseudo_formula,1
offer-BTY-012-STD-2,train,beauty-tools-accessories,0.450,25.00,18.00,10.00,4500.000,CN,BULK,400,10,4.61,7.20,seed_derived,pseudo_formula,1
offer-BTY-012-STD-3,train,beauty-tools-accessories,0.450,25.00,18.00,10.00,4500.000,TH,LOCAL,90,1,4.54,8.48,seed_derived,pseudo_formula,1
offer-BTY-012-STD-4,train,beauty-tools-accessories,0.450,25.00,18.00,10.00,4500.000,IN,BULK,280,8,4.57,7.52,seed_derived,pseudo_formula,1
offer-KIT-001-STD-1,train,kitchen-utility-tools,0.380,32.00,12.00,6.00,2304.000,TR,LOCAL,120,1,4.58,8.50,seed_derived,pseudo_formula,1
offer-KIT-001-STD-2,train,kitchen-utility-tools,0.380,32.00,12.00,6.00,2304.000,TR,BULK,400,10,4.58,7.65,seed_derived,pseudo_formula,1
offer-KIT-001-STD-3,train,kitchen-utility-tools,0.380,32.00,12.00,6.00,2304.000,CN,LOCAL,90,1,4.61,9.01,seed_derived,pseudo_formula,1
offer-KIT-001-STD-4,train,kitchen-utility-tools,0.380,32.00,12.00,6.00,2304.000,IN,BULK,280,8,4.57,7.99,seed_derived,pseudo_formula,1
offer-KIT-002-STD-1,train,kitchen-utility-tools,0.180,18.00,8.00,4.00,576.000,TR,LOCAL,120,1,4.58,5.20,seed_derived,pseudo_formula,1
offer-KIT-002-STD-2,train,kitchen-utility-tools,0.180,18.00,8.00,4.00,576.000,TR,BULK,400,10,4.58,4.68,seed_derived,pseudo_formula,1
offer-KIT-002-STD-3,train,kitchen-utility-tools,0.180,18.00,8.00,4.00,576.000,CN,LOCAL,90,1,4.61,5.51,seed_derived,pseudo_formula,1
offer-KIT-002-STD-4,train,kitchen-utility-tools,0.180,18.00,8.00,4.00,576.000,IN,BULK,280,8,4.57,4.89,seed_derived,pseudo_formula,1
offer-KIT-003-STD-1,test,kitchen-utility-tools,0.450,25.00,18.00,10.00,4500.000,TR,LOCAL,120,1,4.58,11.00,seed_derived,pseudo_formula,1
offer-KIT-003-STD-2,test,kitchen-utility-tools,0.450,25.00,18.00,10.00,4500.000,TR,BULK,400,10,4.58,9.90,seed_derived,pseudo_formula,1
offer-KIT-003-STD-3,test,kitchen-utility-tools,0.450,25.00,18.00,10.00,4500.000,CN,LOCAL,90,1,4.61,11.66,seed_derived,pseudo_formula,1
offer-KIT-003-STD-4,test,kitchen-utility-tools,0.450,25.00,18.00,10.00,4500.000,IN,BULK,280,8,4.57,10.34,seed_derived,pseudo_formula,1
offer-KIT-004-STD-1,test,kitchen-utility-tools,0.100,18.00,6.00,3.00,324.000,TR,LOCAL,120,1,4.58,3.80,seed_derived,pseudo_formula,1
offer-KIT-004-STD-2,test,kitchen-utility-tools,0.100,18.00,6.00,3.00,324.000,TR,BULK,400,10,4.58,3.42,seed_derived,pseudo_formula,1
offer-KIT-004-STD-3,test,kitchen-utility-tools,0.100,18.00,6.00,3.00,324.000,CN,LOCAL,90,1,4.61,4.03,seed_derived,pseudo_formula,1
offer-KIT-004-STD-4,test,kitchen-utility-tools,0.100,18.00,6.00,3.00,324.000,IN,BULK,280,8,4.57,3.57,seed_derived,pseudo_formula,1
offer-KIT-005-STD-1,train,kitchen-utility-tools,0.240,30.00,16.00,8.00,3840.000,TR,LOCAL,120,1,4.58,6.60,seed_derived,pseudo_formula,1
offer-KIT-005-STD-2,train,kitchen-utility-tools,0.240,30.00,16.00,8.00,3840.000,TR,BULK,400,10,4.58,5.94,seed_derived,pseudo_formula,1
offer-KIT-005-STD-3,train,kitchen-utility-tools,0.240,30.00,16.00,8.00,3840.000,CN,LOCAL,90,1,4.61,7.00,seed_derived,pseudo_formula,1
offer-KIT-005-STD-4,train,kitchen-utility-tools,0.240,30.00,16.00,8.00,3840.000,IN,BULK,280,8,4.57,6.20,seed_derived,pseudo_formula,1
offer-KIT-006-STD-1,train,kitchen-utility-tools,0.420,30.00,22.00,7.00,4620.000,TR,LOCAL,120,1,4.58,9.00,seed_derived,pseudo_formula,1
offer-KIT-006-STD-2,train,kitchen-utility-tools,0.420,30.00,22.00,7.00,4620.000,TR,BULK,400,10,4.58,8.10,seed_derived,pseudo_formula,1
offer-KIT-006-STD-3,train,kitchen-utility-tools,0.420,30.00,22.00,7.00,4620.000,CN,LOCAL,90,1,4.61,9.54,seed_derived,pseudo_formula,1
offer-KIT-006-STD-4,train,kitchen-utility-tools,0.420,30.00,22.00,7.00,4620.000,IN,BULK,280,8,4.57,8.46,seed_derived,pseudo_formula,1
offer-KIT-007-STD-1,train,kitchen-utility-tools,1.400,38.00,28.00,5.00,5320.000,TR,LOCAL,120,1,4.58,13.00,seed_derived,pseudo_formula,1
offer-KIT-007-STD-2,train,kitchen-utility-tools,1.400,38.00,28.00,5.00,5320.000,TR,BULK,400,10,4.58,11.70,seed_derived,pseudo_formula,1
offer-KIT-007-STD-3,train,kitchen-utility-tools,1.400,38.00,28.00,5.00,5320.000,CN,LOCAL,90,1,4.61,13.78,seed_derived,pseudo_formula,1
offer-KIT-007-STD-4,train,kitchen-utility-tools,1.400,38.00,28.00,5.00,5320.000,IN,BULK,280,8,4.57,12.22,seed_derived,pseudo_formula,1
offer-KIT-008-STD-1,test,kitchen-utility-tools,1.600,42.00,32.00,18.00,24192.000,TR,LOCAL,120,1,4.58,18.00,seed_derived,pseudo_formula,1
offer-KIT-008-STD-2,test,kitchen-utility-tools,1.600,42.00,32.00,18.00,24192.000,TR,BULK,400,10,4.58,16.20,seed_derived,pseudo_formula,1
offer-KIT-008-STD-3,test,kitchen-utility-tools,1.600,42.00,32.00,18.00,24192.000,CN,LOCAL,90,1,4.61,19.08,seed_derived,pseudo_formula,1
offer-KIT-008-STD-4,test,kitchen-utility-tools,1.600,42.00,32.00,18.00,24192.000,IN,BULK,280,8,4.57,16.92,seed_derived,pseudo_formula,1
offer-KIT-009-STD-1,train,kitchen-utility-tools,1.200,36.00,22.00,14.00,11088.000,TR,LOCAL,120,1,4.58,14.50,seed_derived,pseudo_formula,1
offer-KIT-009-STD-2,train,kitchen-utility-tools,1.200,36.00,22.00,14.00,11088.000,TR,BULK,400,10,4.58,13.05,seed_derived,pseudo_formula,1
offer-KIT-009-STD-3,train,kitchen-utility-tools,1.200,36.00,22.00,14.00,11088.000,CN,LOCAL,90,1,4.61,15.37,seed_derived,pseudo_formula,1
offer-KIT-009-STD-4,train,kitchen-utility-tools,1.200,36.00,22.00,14.00,11088.000,IN,BULK,280,8,4.57,13.63,seed_derived,pseudo_formula,1
offer-KIT-010-STD-1,validation,kitchen-utility-tools,0.180,30.00,6.00,4.00,720.000,TR,LOCAL,120,1,4.58,4.80,seed_derived,pseudo_formula,1
offer-KIT-010-STD-2,validation,kitchen-utility-tools,0.180,30.00,6.00,4.00,720.000,TR,BULK,400,10,4.58,4.32,seed_derived,pseudo_formula,1
offer-KIT-010-STD-3,validation,kitchen-utility-tools,0.180,30.00,6.00,4.00,720.000,CN,LOCAL,90,1,4.61,5.09,seed_derived,pseudo_formula,1
offer-KIT-010-STD-4,validation,kitchen-utility-tools,0.180,30.00,6.00,4.00,720.000,IN,BULK,280,8,4.57,4.51,seed_derived,pseudo_formula,1
offer-KIT-011-STD-1,train,kitchen-utility-tools,0.480,24.00,16.00,10.00,3840.000,TR,LOCAL,120,1,4.58,7.80,seed_derived,pseudo_formula,1
offer-KIT-011-STD-2,train,kitchen-utility-tools,0.480,24.00,16.00,10.00,3840.000,TR,BULK,400,10,4.58,7.02,seed_derived,pseudo_formula,1
offer-KIT-011-STD-3,train,kitchen-utility-tools,0.480,24.00,16.00,10.00,3840.000,CN,LOCAL,90,1,4.61,8.27,seed_derived,pseudo_formula,1
offer-KIT-011-STD-4,train,kitchen-utility-tools,0.480,24.00,16.00,10.00,3840.000,IN,BULK,280,8,4.57,7.33,seed_derived,pseudo_formula,1
offer-KIT-012-STD-1,train,kitchen-utility-tools,2.200,48.00,36.00,15.00,25920.000,TR,LOCAL,120,1,4.58,22.00,seed_derived,pseudo_formula,1
offer-KIT-012-STD-2,train,kitchen-utility-tools,2.200,48.00,36.00,15.00,25920.000,TR,BULK,400,10,4.58,19.80,seed_derived,pseudo_formula,1
offer-KIT-012-STD-3,train,kitchen-utility-tools,2.200,48.00,36.00,15.00,25920.000,CN,LOCAL,90,1,4.61,23.32,seed_derived,pseudo_formula,1
offer-KIT-012-STD-4,train,kitchen-utility-tools,2.200,48.00,36.00,15.00,25920.000,IN,BULK,280,8,4.57,20.68,seed_derived,pseudo_formula,1
offer-OFC-001-STD-1,train,office-desk-accessories,1.100,34.00,28.00,12.00,11424.000,CN,LOCAL,120,1,4.61,13.00,seed_derived,pseudo_formula,1
offer-OFC-001-STD-2,train,office-desk-accessories,1.100,34.00,28.00,12.00,11424.000,CN,BULK,400,10,4.61,11.70,seed_derived,pseudo_formula,1
offer-OFC-001-STD-3,train,office-desk-accessories,1.100,34.00,28.00,12.00,11424.000,IN,LOCAL,90,1,4.57,13.78,seed_derived,pseudo_formula,1
offer-OFC-001-STD-4,train,office-desk-accessories,1.100,34.00,28.00,12.00,11424.000,MY,BULK,280,8,4.63,12.22,seed_derived,pseudo_formula,1
offer-OFC-002-STD-1,train,office-desk-accessories,0.220,12.00,10.00,10.00,1200.000,CN,LOCAL,120,1,4.61,3.80,seed_derived,pseudo_formula,1
offer-OFC-002-STD-2,train,office-desk-accessories,0.220,12.00,10.00,10.00,1200.000,CN,BULK,400,10,4.61,3.42,seed_derived,pseudo_formula,1
offer-OFC-002-STD-3,train,office-desk-accessories,0.220,12.00,10.00,10.00,1200.000,IN,LOCAL,90,1,4.57,4.03,seed_derived,pseudo_formula,1
offer-OFC-002-STD-4,train,office-desk-accessories,0.220,12.00,10.00,10.00,1200.000,MY,BULK,280,8,4.63,3.57,seed_derived,pseudo_formula,1
offer-OFC-003-STD-1,test,office-desk-accessories,0.380,20.00,10.00,6.00,1200.000,CN,LOCAL,120,1,4.61,6.50,seed_derived,pseudo_formula,1
offer-OFC-003-STD-2,test,office-desk-accessories,0.380,20.00,10.00,6.00,1200.000,CN,BULK,400,10,4.61,5.85,seed_derived,pseudo_formula,1
offer-OFC-003-STD-3,test,office-desk-accessories,0.380,20.00,10.00,6.00,1200.000,IN,LOCAL,90,1,4.57,6.89,seed_derived,pseudo_formula,1
offer-OFC-003-STD-4,test,office-desk-accessories,0.380,20.00,10.00,6.00,1200.000,MY,BULK,280,8,4.63,6.11,seed_derived,pseudo_formula,1
offer-OFC-004-STD-1,train,office-desk-accessories,0.520,16.00,8.00,8.00,1024.000,CN,LOCAL,120,1,4.61,4.80,seed_derived,pseudo_formula,1
offer-OFC-004-STD-2,train,office-desk-accessories,0.520,16.00,8.00,8.00,1024.000,CN,BULK,400,10,4.61,4.32,seed_derived,pseudo_formula,1
offer-OFC-004-STD-3,train,office-desk-accessories,0.520,16.00,8.00,8.00,1024.000,IN,LOCAL,90,1,4.57,5.09,seed_derived,pseudo_formula,1
offer-OFC-004-STD-4,train,office-desk-accessories,0.520,16.00,8.00,8.00,1024.000,MY,BULK,280,8,4.63,4.51,seed_derived,pseudo_formula,1
offer-OFC-005-STD-1,train,office-desk-accessories,0.780,36.00,28.00,9.00,9072.000,CN,LOCAL,120,1,4.61,8.20,seed_derived,pseudo_formula,1
offer-OFC-005-STD-2,train,office-desk-accessories,0.780,36.00,28.00,9.00,9072.000,CN,BULK,400,10,4.61,7.38,seed_derived,pseudo_formula,1
offer-OFC-005-STD-3,train,office-desk-accessories,0.780,36.00,28.00,9.00,9072.000,IN,LOCAL,90,1,4.57,8.69,seed_derived,pseudo_formula,1
offer-OFC-005-STD-4,train,office-desk-accessories,0.780,36.00,28.00,9.00,9072.000,MY,BULK,280,8,4.63,7.71,seed_derived,pseudo_formula,1
offer-OFC-006-STD-1,train,office-desk-accessories,1.800,48.00,24.00,10.00,11520.000,CN,LOCAL,120,1,4.61,20.00,seed_derived,pseudo_formula,1
offer-OFC-006-STD-2,train,office-desk-accessories,1.800,48.00,24.00,10.00,11520.000,CN,BULK,400,10,4.61,18.00,seed_derived,pseudo_formula,1
offer-OFC-006-STD-3,train,office-desk-accessories,1.800,48.00,24.00,10.00,11520.000,IN,LOCAL,90,1,4.57,21.20,seed_derived,pseudo_formula,1
offer-OFC-006-STD-4,train,office-desk-accessories,1.800,48.00,24.00,10.00,11520.000,MY,BULK,280,8,4.63,18.80,seed_derived,pseudo_formula,1
offer-OFC-007-STD-1,train,office-desk-accessories,0.900,45.00,14.00,9.00,5670.000,CN,LOCAL,120,1,4.61,12.50,seed_derived,pseudo_formula,1
offer-OFC-007-STD-2,train,office-desk-accessories,0.900,45.00,14.00,9.00,5670.000,CN,BULK,400,10,4.61,11.25,seed_derived,pseudo_formula,1
offer-OFC-007-STD-3,train,office-desk-accessories,0.900,45.00,14.00,9.00,5670.000,IN,LOCAL,90,1,4.57,13.25,seed_derived,pseudo_formula,1
offer-OFC-007-STD-4,train,office-desk-accessories,0.900,45.00,14.00,9.00,5670.000,MY,BULK,280,8,4.63,11.75,seed_derived,pseudo_formula,1
offer-OFC-008-STD-1,test,office-desk-accessories,0.520,34.00,24.00,6.00,4896.000,CN,LOCAL,120,1,4.61,7.20,seed_derived,pseudo_formula,1
offer-OFC-008-STD-2,test,office-desk-accessories,0.520,34.00,24.00,6.00,4896.000,CN,BULK,400,10,4.61,6.48,seed_derived,pseudo_formula,1
offer-OFC-008-STD-3,test,office-desk-accessories,0.520,34.00,24.00,6.00,4896.000,IN,LOCAL,90,1,4.57,7.63,seed_derived,pseudo_formula,1
offer-OFC-008-STD-4,test,office-desk-accessories,0.520,34.00,24.00,6.00,4896.000,MY,BULK,280,8,4.63,6.77,seed_derived,pseudo_formula,1
offer-OFC-009-STD-1,train,office-desk-accessories,0.180,12.00,9.00,5.00,540.000,CN,LOCAL,120,1,4.61,4.40,seed_derived,pseudo_formula,1
offer-OFC-009-STD-2,train,office-desk-accessories,0.180,12.00,9.00,5.00,540.000,CN,BULK,400,10,4.61,3.96,seed_derived,pseudo_formula,1
offer-OFC-009-STD-3,train,office-desk-accessories,0.180,12.00,9.00,5.00,540.000,IN,LOCAL,90,1,4.57,4.66,seed_derived,pseudo_formula,1
offer-OFC-009-STD-4,train,office-desk-accessories,0.180,12.00,9.00,5.00,540.000,MY,BULK,280,8,4.63,4.14,seed_derived,pseudo_formula,1
offer-OFC-010-STD-1,validation,office-desk-accessories,0.650,34.00,25.00,4.00,3400.000,CN,LOCAL,120,1,4.61,7.80,seed_derived,pseudo_formula,1
offer-OFC-010-STD-2,validation,office-desk-accessories,0.650,34.00,25.00,4.00,3400.000,CN,BULK,400,10,4.61,7.02,seed_derived,pseudo_formula,1
offer-OFC-010-STD-3,validation,office-desk-accessories,0.650,34.00,25.00,4.00,3400.000,IN,LOCAL,90,1,4.57,8.27,seed_derived,pseudo_formula,1
offer-OFC-010-STD-4,validation,office-desk-accessories,0.650,34.00,25.00,4.00,3400.000,MY,BULK,280,8,4.63,7.33,seed_derived,pseudo_formula,1
offer-OFC-011-STD-1,train,office-desk-accessories,0.850,38.00,24.00,5.00,4560.000,CN,LOCAL,120,1,4.61,11.00,seed_derived,pseudo_formula,1
offer-OFC-011-STD-2,train,office-desk-accessories,0.850,38.00,24.00,5.00,4560.000,CN,BULK,400,10,4.61,9.90,seed_derived,pseudo_formula,1
offer-OFC-011-STD-3,train,office-desk-accessories,0.850,38.00,24.00,5.00,4560.000,IN,LOCAL,90,1,4.57,11.66,seed_derived,pseudo_formula,1
offer-OFC-011-STD-4,train,office-desk-accessories,0.850,38.00,24.00,5.00,4560.000,MY,BULK,280,8,4.63,10.34,seed_derived,pseudo_formula,1
offer-OFC-012-STD-1,test,office-desk-accessories,1.100,42.00,32.00,12.00,16128.000,CN,LOCAL,120,1,4.61,16.00,seed_derived,pseudo_formula,1
offer-OFC-012-STD-2,test,office-desk-accessories,1.100,42.00,32.00,12.00,16128.000,CN,BULK,400,10,4.61,14.40,seed_derived,pseudo_formula,1
offer-OFC-012-STD-3,test,office-desk-accessories,1.100,42.00,32.00,12.00,16128.000,IN,LOCAL,90,1,4.57,16.96,seed_derived,pseudo_formula,1
offer-OFC-012-STD-4,test,office-desk-accessories,1.100,42.00,32.00,12.00,16128.000,MY,BULK,280,8,4.63,15.04,seed_derived,pseudo_formula,1
offer-TRV-001-STD-1,train,travel-luggage-accessories,0.520,34.00,26.00,7.00,6188.000,VN,LOCAL,120,1,4.60,12.00,seed_derived,pseudo_formula,1
offer-TRV-001-STD-2,train,travel-luggage-accessories,0.520,34.00,26.00,7.00,6188.000,VN,BULK,400,10,4.60,10.80,seed_derived,pseudo_formula,1
offer-TRV-001-STD-3,train,travel-luggage-accessories,0.520,34.00,26.00,7.00,6188.000,CN,LOCAL,90,1,4.61,12.72,seed_derived,pseudo_formula,1
offer-TRV-001-STD-4,train,travel-luggage-accessories,0.520,34.00,26.00,7.00,6188.000,TR,BULK,280,8,4.58,11.28,seed_derived,pseudo_formula,1
offer-TRV-002-STD-1,train,travel-luggage-accessories,0.280,28.00,20.00,6.00,3360.000,VN,LOCAL,120,1,4.60,7.50,seed_derived,pseudo_formula,1
offer-TRV-002-STD-2,train,travel-luggage-accessories,0.280,28.00,20.00,6.00,3360.000,VN,BULK,400,10,4.60,6.75,seed_derived,pseudo_formula,1
offer-TRV-002-STD-3,train,travel-luggage-accessories,0.280,28.00,20.00,6.00,3360.000,CN,LOCAL,90,1,4.61,7.95,seed_derived,pseudo_formula,1
offer-TRV-002-STD-4,train,travel-luggage-accessories,0.280,28.00,20.00,6.00,3360.000,TR,BULK,280,8,4.58,7.05,seed_derived,pseudo_formula,1
offer-TRV-003-STD-1,test,travel-luggage-accessories,0.220,24.00,14.00,4.00,1344.000,VN,LOCAL,120,1,4.60,8.20,seed_derived,pseudo_formula,1
offer-TRV-003-STD-2,test,travel-luggage-accessories,0.220,24.00,14.00,4.00,1344.000,VN,BULK,400,10,4.60,7.38,seed_derived,pseudo_formula,1
offer-TRV-003-STD-3,test,travel-luggage-accessories,0.220,24.00,14.00,4.00,1344.000,CN,LOCAL,90,1,4.61,8.69,seed_derived,pseudo_formula,1
offer-TRV-003-STD-4,test,travel-luggage-accessories,0.220,24.00,14.00,4.00,1344.000,TR,BULK,280,8,4.58,7.71,seed_derived,pseudo_formula,1
offer-TRV-004-STD-1,test,travel-luggage-accessories,0.080,15.00,11.00,2.00,330.000,VN,LOCAL,120,1,4.60,4.50,seed_derived,pseudo_formula,1
offer-TRV-004-STD-2,test,travel-luggage-accessories,0.080,15.00,11.00,2.00,330.000,VN,BULK,400,10,4.60,4.05,seed_derived,pseudo_formula,1
offer-TRV-004-STD-3,test,travel-luggage-accessories,0.080,15.00,11.00,2.00,330.000,CN,LOCAL,90,1,4.61,4.77,seed_derived,pseudo_formula,1
offer-TRV-004-STD-4,test,travel-luggage-accessories,0.080,15.00,11.00,2.00,330.000,TR,BULK,280,8,4.58,4.23,seed_derived,pseudo_formula,1
offer-TRV-005-STD-1,train,travel-luggage-accessories,0.100,14.00,9.00,3.00,378.000,VN,LOCAL,120,1,4.60,4.20,seed_derived,pseudo_formula,1
offer-TRV-005-STD-2,train,travel-luggage-accessories,0.100,14.00,9.00,3.00,378.000,VN,BULK,400,10,4.60,3.78,seed_derived,pseudo_formula,1
offer-TRV-005-STD-3,train,travel-luggage-accessories,0.100,14.00,9.00,3.00,378.000,CN,LOCAL,90,1,4.61,4.45,seed_derived,pseudo_formula,1
offer-TRV-005-STD-4,train,travel-luggage-accessories,0.100,14.00,9.00,3.00,378.000,TR,BULK,280,8,4.58,3.95,seed_derived,pseudo_formula,1
offer-TRV-006-STD-1,train,travel-luggage-accessories,0.240,18.00,12.00,6.00,1296.000,VN,LOCAL,120,1,4.60,5.80,seed_derived,pseudo_formula,1
offer-TRV-006-STD-2,train,travel-luggage-accessories,0.240,18.00,12.00,6.00,1296.000,VN,BULK,400,10,4.60,5.22,seed_derived,pseudo_formula,1
offer-TRV-006-STD-3,train,travel-luggage-accessories,0.240,18.00,12.00,6.00,1296.000,CN,LOCAL,90,1,4.61,6.15,seed_derived,pseudo_formula,1
offer-TRV-006-STD-4,train,travel-luggage-accessories,0.240,18.00,12.00,6.00,1296.000,TR,BULK,280,8,4.58,5.45,seed_derived,pseudo_formula,1
offer-TRV-007-STD-1,train,travel-luggage-accessories,0.220,32.00,22.00,6.00,4224.000,VN,LOCAL,120,1,4.60,6.20,seed_derived,pseudo_formula,1
offer-TRV-007-STD-2,train,travel-luggage-accessories,0.220,32.00,22.00,6.00,4224.000,VN,BULK,400,10,4.60,5.58,seed_derived,pseudo_formula,1
offer-TRV-007-STD-3,train,travel-luggage-accessories,0.220,32.00,22.00,6.00,4224.000,CN,LOCAL,90,1,4.61,6.57,seed_derived,pseudo_formula,1
offer-TRV-007-STD-4,train,travel-luggage-accessories,0.220,32.00,22.00,6.00,4224.000,TR,BULK,280,8,4.58,5.83,seed_derived,pseudo_formula,1
offer-TRV-008-STD-1,validation,travel-luggage-accessories,0.260,24.00,18.00,6.00,2592.000,VN,LOCAL,120,1,4.60,7.80,seed_derived,pseudo_formula,1
offer-TRV-008-STD-2,validation,travel-luggage-accessories,0.260,24.00,18.00,6.00,2592.000,VN,BULK,400,10,4.60,7.02,seed_derived,pseudo_formula,1
offer-TRV-008-STD-3,validation,travel-luggage-accessories,0.260,24.00,18.00,6.00,2592.000,CN,LOCAL,90,1,4.61,8.27,seed_derived,pseudo_formula,1
offer-TRV-008-STD-4,validation,travel-luggage-accessories,0.260,24.00,18.00,6.00,2592.000,TR,BULK,280,8,4.58,7.33,seed_derived,pseudo_formula,1
offer-TRV-009-STD-1,train,travel-luggage-accessories,0.420,32.00,28.00,14.00,12544.000,VN,LOCAL,120,1,4.60,10.50,seed_derived,pseudo_formula,1
offer-TRV-009-STD-2,train,travel-luggage-accessories,0.420,32.00,28.00,14.00,12544.000,VN,BULK,400,10,4.60,9.45,seed_derived,pseudo_formula,1
offer-TRV-009-STD-3,train,travel-luggage-accessories,0.420,32.00,28.00,14.00,12544.000,CN,LOCAL,90,1,4.61,11.13,seed_derived,pseudo_formula,1
offer-TRV-009-STD-4,train,travel-luggage-accessories,0.420,32.00,28.00,14.00,12544.000,TR,BULK,280,8,4.58,9.87,seed_derived,pseudo_formula,1
offer-TRV-010-STD-1,train,travel-luggage-accessories,0.260,24.00,18.00,5.00,2160.000,VN,LOCAL,120,1,4.60,6.80,seed_derived,pseudo_formula,1
offer-TRV-010-STD-2,train,travel-luggage-accessories,0.260,24.00,18.00,5.00,2160.000,VN,BULK,400,10,4.60,6.12,seed_derived,pseudo_formula,1
offer-TRV-010-STD-3,train,travel-luggage-accessories,0.260,24.00,18.00,5.00,2160.000,CN,LOCAL,90,1,4.61,7.21,seed_derived,pseudo_formula,1
offer-TRV-010-STD-4,train,travel-luggage-accessories,0.260,24.00,18.00,5.00,2160.000,TR,BULK,280,8,4.58,6.39,seed_derived,pseudo_formula,1
offer-PET-001-STD-1,train,pet-care-accessories,0.180,20.00,11.00,6.00,1320.000,TH,LOCAL,120,1,4.54,7.20,seed_derived,pseudo_formula,1
offer-PET-001-STD-2,train,pet-care-accessories,0.180,20.00,11.00,6.00,1320.000,TH,BULK,400,10,4.54,6.48,seed_derived,pseudo_formula,1
offer-PET-001-STD-3,train,pet-care-accessories,0.180,20.00,11.00,6.00,1320.000,VN,LOCAL,90,1,4.60,7.63,seed_derived,pseudo_formula,1
offer-PET-001-STD-4,train,pet-care-accessories,0.180,20.00,11.00,6.00,1320.000,CN,BULK,280,8,4.61,6.77,seed_derived,pseudo_formula,1
offer-PET-002-STD-1,train,pet-care-accessories,0.080,18.00,5.00,3.00,270.000,TH,LOCAL,120,1,4.54,3.80,seed_derived,pseudo_formula,1
offer-PET-002-STD-2,train,pet-care-accessories,0.080,18.00,5.00,3.00,270.000,TH,BULK,400,10,4.54,3.42,seed_derived,pseudo_formula,1
offer-PET-002-STD-3,train,pet-care-accessories,0.080,18.00,5.00,3.00,270.000,VN,LOCAL,90,1,4.60,4.03,seed_derived,pseudo_formula,1
offer-PET-002-STD-4,train,pet-care-accessories,0.080,18.00,5.00,3.00,270.000,CN,BULK,280,8,4.61,3.57,seed_derived,pseudo_formula,1
offer-PET-003-STD-1,train,pet-care-accessories,0.420,34.00,26.00,4.00,3536.000,TH,LOCAL,120,1,4.54,8.50,seed_derived,pseudo_formula,1
offer-PET-003-STD-2,train,pet-care-accessories,0.420,34.00,26.00,4.00,3536.000,TH,BULK,400,10,4.54,7.65,seed_derived,pseudo_formula,1
offer-PET-003-STD-3,train,pet-care-accessories,0.420,34.00,26.00,4.00,3536.000,VN,LOCAL,90,1,4.60,9.01,seed_derived,pseudo_formula,1
offer-PET-003-STD-4,train,pet-care-accessories,0.420,34.00,26.00,4.00,3536.000,CN,BULK,280,8,4.61,7.99,seed_derived,pseudo_formula,1
offer-PET-004-STD-1,train,pet-care-accessories,0.140,16.00,16.00,5.00,1280.000,TH,LOCAL,120,1,4.54,5.20,seed_derived,pseudo_formula,1
offer-PET-004-STD-2,train,pet-care-accessories,0.140,16.00,16.00,5.00,1280.000,TH,BULK,400,10,4.54,4.68,seed_derived,pseudo_formula,1
offer-PET-004-STD-3,train,pet-care-accessories,0.140,16.00,16.00,5.00,1280.000,VN,LOCAL,90,1,4.60,5.51,seed_derived,pseudo_formula,1
offer-PET-004-STD-4,train,pet-care-accessories,0.140,16.00,16.00,5.00,1280.000,CN,BULK,280,8,4.61,4.89,seed_derived,pseudo_formula,1
offer-PET-005-STD-1,test,pet-care-accessories,0.650,38.00,30.00,9.00,10260.000,TH,LOCAL,120,1,4.54,11.00,seed_derived,pseudo_formula,1
offer-PET-005-STD-2,test,pet-care-accessories,0.650,38.00,30.00,9.00,10260.000,TH,BULK,400,10,4.54,9.90,seed_derived,pseudo_formula,1
offer-PET-005-STD-3,test,pet-care-accessories,0.650,38.00,30.00,9.00,10260.000,VN,LOCAL,90,1,4.60,11.66,seed_derived,pseudo_formula,1
offer-PET-005-STD-4,test,pet-care-accessories,0.650,38.00,30.00,9.00,10260.000,CN,BULK,280,8,4.61,10.34,seed_derived,pseudo_formula,1
offer-PET-006-STD-1,test,pet-care-accessories,0.080,10.00,6.00,5.00,300.000,TH,LOCAL,120,1,4.54,3.60,seed_derived,pseudo_formula,1
offer-PET-006-STD-2,test,pet-care-accessories,0.080,10.00,6.00,5.00,300.000,TH,BULK,400,10,4.54,3.24,seed_derived,pseudo_formula,1
offer-PET-006-STD-3,test,pet-care-accessories,0.080,10.00,6.00,5.00,300.000,VN,LOCAL,90,1,4.60,3.82,seed_derived,pseudo_formula,1
offer-PET-006-STD-4,test,pet-care-accessories,0.080,10.00,6.00,5.00,300.000,CN,BULK,280,8,4.61,3.38,seed_derived,pseudo_formula,1
offer-PET-007-STD-1,train,pet-care-accessories,0.240,22.00,12.00,7.00,1848.000,TH,LOCAL,120,1,4.54,6.50,seed_derived,pseudo_formula,1
offer-PET-007-STD-2,train,pet-care-accessories,0.240,22.00,12.00,7.00,1848.000,TH,BULK,400,10,4.54,5.85,seed_derived,pseudo_formula,1
offer-PET-007-STD-3,train,pet-care-accessories,0.240,22.00,12.00,7.00,1848.000,VN,LOCAL,90,1,4.60,6.89,seed_derived,pseudo_formula,1
offer-PET-007-STD-4,train,pet-care-accessories,0.240,22.00,12.00,7.00,1848.000,CN,BULK,280,8,4.61,6.11,seed_derived,pseudo_formula,1
offer-PET-008-STD-1,train,pet-care-accessories,0.360,30.00,22.00,6.00,3960.000,TH,LOCAL,120,1,4.54,7.80,seed_derived,pseudo_formula,1
offer-PET-008-STD-2,train,pet-care-accessories,0.360,30.00,22.00,6.00,3960.000,TH,BULK,400,10,4.54,7.02,seed_derived,pseudo_formula,1
offer-PET-008-STD-3,train,pet-care-accessories,0.360,30.00,22.00,6.00,3960.000,VN,LOCAL,90,1,4.60,8.27,seed_derived,pseudo_formula,1
offer-PET-008-STD-4,train,pet-care-accessories,0.360,30.00,22.00,6.00,3960.000,CN,BULK,280,8,4.61,7.33,seed_derived,pseudo_formula,1
offer-PET-009-STD-1,validation,pet-care-accessories,0.620,38.00,30.00,8.00,9120.000,TH,LOCAL,120,1,4.54,13.00,seed_derived,pseudo_formula,1
offer-PET-009-STD-2,validation,pet-care-accessories,0.620,38.00,30.00,8.00,9120.000,TH,BULK,400,10,4.54,11.70,seed_derived,pseudo_formula,1
offer-PET-009-STD-3,validation,pet-care-accessories,0.620,38.00,30.00,8.00,9120.000,VN,LOCAL,90,1,4.60,13.78,seed_derived,pseudo_formula,1
offer-PET-009-STD-4,validation,pet-care-accessories,0.620,38.00,30.00,8.00,9120.000,CN,BULK,280,8,4.61,12.22,seed_derived,pseudo_formula,1
offer-PET-010-STD-1,train,pet-care-accessories,0.780,38.00,28.00,12.00,12768.000,TH,LOCAL,120,1,4.54,16.00,seed_derived,pseudo_formula,1
offer-PET-010-STD-2,train,pet-care-accessories,0.780,38.00,28.00,12.00,12768.000,TH,BULK,400,10,4.54,14.40,seed_derived,pseudo_formula,1
offer-PET-010-STD-3,train,pet-care-accessories,0.780,38.00,28.00,12.00,12768.000,VN,LOCAL,90,1,4.60,16.96,seed_derived,pseudo_formula,1
offer-PET-010-STD-4,train,pet-care-accessories,0.780,38.00,28.00,12.00,12768.000,CN,BULK,280,8,4.61,15.04,seed_derived,pseudo_formula,1
